reviewId,userName,userImage,content,score,thumbsUpCount,reviewCreatedVersion,at,replyContent,repliedAt,appVersion
58c2a358-0199-4003-92f9-008fed94e35d,Chakar Ali,https://play-lh.googleusercontent.com/a/ACg8ocLfDKoEQ59hbaa3KKOWJ-OfLv6nGKAOSAUbaf9UNafG4CET6Q=mo,Jan,5,0,2.24.15.78,2024-11-02 21:14:12,,,2.24.15.78
17fe33d3-cb6d-4c44-8deb-bea29d195fd7,Ethel Mwilu,https://play-lh.googleusercontent.com/a-/ALV-UjWWaKrs8YDcnrF4b3TxhZOB4R1zWPIJuAUXwWQDa6BZzxWTM1K_,"Great app,i love how the calls have improved. üòÅüòÅüáøüá≤",4,1,2.24.16.76,2024-11-02 21:13:41,,,2.24.16.76
901d9588-6634-4706-9cde-899f1e5fae49,Hussein Abdul,https://play-lh.googleusercontent.com/a-/ALV-UjXbo-Xc-KRPYMGuM9iTat-mIouxzgdyP1ammo_PR3pgtA4_CBM,Very excellent app on I love it,5,0,2.24.15.78,2024-11-02 21:13:37,,,2.24.15.78
669cbc79-1a7c-44d9-b2e1-7ade44d11624,Abdul Salam,https://play-lh.googleusercontent.com/a/ACg8ocLFsbTxsuiBATR4WS_y26MEvYM_lcQFpGjSi25R7EbzIqe9QA=mo,Good very good üíØ,5,0,2.24.21.79,2024-11-02 21:13:31,,,2.24.21.79
829c722f-1c7b-4f14-9075-b9c8ff0dfb7d,Prince Lesole,https://play-lh.googleusercontent.com/a/ACg8ocKZ6NDvzYGToFzRmZOULSI0s9M3l3OSpZNccMGJhjHDX_XS0Q=mo,Nice app,5,0,,2024-11-02 21:13:17,,,
c68de811-bde5-4572-b29e-df12a542a69d,sahar abdelrehim,https://play-lh.googleusercontent.com/a/ACg8ocKL4Tbz4LAuz1N_RbNDAjHvmuDfjH_ZBg_yt2JZu_kLZOD7pQ=mo,Good,5,0,2.24.21.79,2024-11-02 21:13:15,,,2.24.21.79
efda9d63-79a2-4499-bc55-8624c843554c,Maryam Shafiq,https://play-lh.googleusercontent.com/a-/ALV-UjXjRBFG8euCvfaDOo-Exl9-DRwJFWLpvzo5A26DDj7IUnyA_0Vt,"Please add option to un-hide locked chats please this is so inconvient to unhide thoae chats ,we have to lose all chat history locked there . We don't want to lose chats please fix this bug .",4,0,2.24.21.79,2024-11-02 21:13:08,,,2.24.21.79
fb83c5fc-44a2-4208-b207-ee320efa739c,Nitish Raj,https://play-lh.googleusercontent.com/a/ACg8ocLg1UG2nENPypJv5Zlo43uLhei6aEeSjyrDA9g33bCyrkGkKg=mo,Nitish raja,5,0,,2024-11-02 21:12:48,,,
377ab637-80c1-41d9-87aa-37b4abcbd9df,Talemwa Andrew,https://play-lh.googleusercontent.com/a/ACg8ocJcRObqy4OUjaa8Wn_oI0NxD2M19cE0OMFwblqfEcdeo3HLMA=mo,Taremwa,3,0,2.24.21.79,2024-11-02 21:12:34,,,2.24.21.79
9094bb50-0fbb-4560-9b23-3adabfa7fb58,KRISH GAMING,https://play-lh.googleusercontent.com/a-/ALV-UjXzL7ikLOfyFGmgQpnt6MoZq6sB0SrSsuIuAdHx1svxaaYtYj6d,Hey dear WhatsApp community team Help my account is banned i am not able to run WhatsApp read all your terms and condition we will follow rules. I hope you will unban WhatsApp as soon as possible thankyou üôè,5,0,2.24.21.79,2024-11-02 21:12:31,,,2.24.21.79
09862bd2-041d-4944-8e67-7a0b32416124,Vincent Muziwandile,https://play-lh.googleusercontent.com/a-/ALV-UjVbiPb7iTil4G5K2cpgEgztfjAN4B5BOA13bp6NJvv3QNCcfW4,Nice and easy to talk with people,5,0,2.24.14.76,2024-11-02 21:12:26,,,2.24.14.76
5041f3d3-e91c-4244-ab54-17c355943800,Ufh Ghv,https://play-lh.googleusercontent.com/a/ACg8ocLuWjDZVWCbCTcgNaQsOxxdatOslSbtQKdRU0v7zfbYZrgqhg=mo,"Video Tags:- whatsapp login problem, gb whatsapp login problem solved, gb whatsapp login nahi ho raha hai, gb whatsapp banned problem, whatsapp not working problem, you need the official whatsapp to log in, you need the official whatsapp to log in problem, fm whatsapp login problem, gb whatsapp open nahi ho raha hai, whatsapp, gb whatsapp, fm whatsapp, yo whatsapp, whatsapp 2024",1,0,2.24.21.79,2024-11-02 21:12:17,,,2.24.21.79
3004a4f7-f74b-411d-9078-094ce2141eea,Navpreet singh G - 5th,https://play-lh.googleusercontent.com/a-/ALV-UjX5KfiFntukrv2VImWkyVtWQYJLz0BYOlnzcwbAhwjr9BXFO_Us,Good,3,0,2.24.10.85,2024-11-02 21:11:46,,,2.24.10.85
1c5fcc51-1f87-42a5-a97a-76c3a680b740,Pankaj Shukla,https://play-lh.googleusercontent.com/a/ACg8ocLs80E53k_VN6YkfhupxUTBRMdtoVujtecxLcLiaIWg53pBDw=mo,üëå game is open my son is there,5,0,2.24.21.79,2024-11-02 21:11:29,,,2.24.21.79
531636c1-43b5-4d8f-bea0-b0c1cf4e77b3,Amon Ahimbisibwe,https://play-lh.googleusercontent.com/a/ACg8ocLeZSHC5rY8OOr1SD0-bJbRDqE3ROIQhgDRhIuHcKEex3lRjw=mo,For me am tied üò≠ of upda,5,0,2.24.21.79,2024-11-02 21:11:11,,,2.24.21.79
f64bc1f9-faa5-46f3-8c71-be305d4c56c0,Niyomukiza Samuel,https://play-lh.googleusercontent.com/a/ACg8ocLqYZcehX2u15FEbU9qjxaPAiuCQsExv4WqCIjHtnX4uKgqYQ=mo,Joriji,5,0,2.24.1.78,2024-11-02 21:10:56,,,2.24.1.78
31e511d5-2bfd-4069-be77-7b9b0e8afec2,Sunil Kurveti,https://play-lh.googleusercontent.com/a/ACg8ocLjblrVpIpXUq8Z3mLBVKVsa0g6Po0Pls6zjUcSP-xujuBDuQ=mo,‡§ï‡•ãN,5,0,2.24.20.89,2024-11-02 21:10:46,,,2.24.20.89
d26468fe-0826-43ee-b6e0-11a42df382af,Uttam Saha,https://play-lh.googleusercontent.com/a-/ALV-UjXF9TRuiDYL-WUnz8I86y6PDw77sGuukzSldzVepdlT2HAqWQLF,Ok,5,0,2.24.21.79,2024-11-02 21:10:29,,,2.24.21.79
e8ddb366-b1a3-4035-a9b8-4894971003d1,Lawrens Matoane,https://play-lh.googleusercontent.com/a/ACg8ocJTx0uO5yFhMIFPZRFGLCrwYzVg33lPb6AHJJ2dl-n7u8sJJg=mo,Good,5,0,2.24.21.79,2024-11-02 21:10:11,,,2.24.21.79
c0628524-d5cc-4689-a142-0fc42c539c70,Maureen Salter,https://play-lh.googleusercontent.com/a/ACg8ocIGg0NsqUxUoLHLOAaeUL8e5pFVEKGjPXjYTUNCB4Tpw5H-Aw=mo,"Z,s",4,0,2.24.21.79,2024-11-02 21:10:08,,,2.24.21.79
6ca254eb-465c-40da-8be1-05860512ed68,Shahezad Khan,https://play-lh.googleusercontent.com/a/ACg8ocLOtVXbySA5f8Hs3g9Y0_kjxIln23EA1D6_33Zi0elmtq2Qpw=mo,I love you,5,0,2.24.21.79,2024-11-02 21:10:05,,,2.24.21.79
aa7df72f-84fa-4d70-9b44-48f102b8f355,Soni,https://play-lh.googleusercontent.com/a/ACg8ocKYNyAH4FuR7-ImrVgfMUbMS41KLALOFyC8402b93ZkMI8tWQ=mo,Yes sir,3,0,2.24.21.79,2024-11-02 21:09:57,,,2.24.21.79
9f19e112-c284-405c-8680-e1a7c24a9c19,Nogan Gogoi,https://play-lh.googleusercontent.com/a/ACg8ocKbNH9MkmsIQbAo_6MG_1u2z4VTPMzj2xDvx5OF9lqjmCIvfg=mo,Nogangogoi,1,0,2.24.21.79,2024-11-02 21:09:53,,,2.24.21.79
23ada896-a142-4577-81cf-36406b8ea013,TIMIBRAH DUWEIGHA,https://play-lh.googleusercontent.com/a/ACg8ocI8rdn5QTg2VCn7twYRPAIOZW6tnxdftiNabCiCYo7TLDcLyQ=mo,Nice,5,0,2.24.5.76,2024-11-02 21:09:42,,,2.24.5.76
e9d08e89-67cd-4787-bfa4-266dd979bd7d,M Ishtyaq,https://play-lh.googleusercontent.com/a/ACg8ocIY4qTx7e2iyV8DNLNO_FPyIHvKQvnOS3_rsCVruk804bB2-Q=mo,boht preshan hu psy urjunt chye kya kru,5,0,2.24.21.79,2024-11-02 21:09:29,,,2.24.21.79
e695c3f9-37fc-4e19-a2fb-7aeddaffe54c,Md Razu,https://play-lh.googleusercontent.com/a-/ALV-UjUOStvSGMMHK1jMx9xtx0Eh3vwVzW-GEJtnWz6yKwY6Kk1JYFQ,Razu Ahamed Sherpur,5,0,2.24.21.79,2024-11-02 21:09:27,,,2.24.21.79
bf5cb41f-4e48-49f9-a92a-a63873360df0,Neha Soni,https://play-lh.googleusercontent.com/a-/ALV-UjUdMj5v_lxsKxDd1B1qu1khsBKFNSCL61-ex6-WyyaBr_yD3Xn3,My whatspp dp has been changed automatically.....how did it possible???,5,0,2.24.20.89,2024-11-02 21:09:00,,,2.24.20.89
23e9e092-fc4f-433a-a3f4-be77f97a11d9,Azher Ali,https://play-lh.googleusercontent.com/a/ACg8ocLhoFey0BOvSUNIG0LY7a2eYHbzQTeY28SxngmQNOQl-GTGug=mo,Whatapp due stamp Problem,1,0,2.24.21.79,2024-11-02 21:08:37,,,2.24.21.79
66bbce77-0ef8-4b87-ab01-ade39387aee3,Osa Oba,https://play-lh.googleusercontent.com/a-/ALV-UjU2W7EPkjFGEk0SV3WQz-N5z_Vu-4tYKACyKZrzM-VCzy2lqLM,I need the official WhatsApp K,5,0,,2024-11-02 21:07:45,,,
1d6b0112-93e0-4a66-98b7-a82ba6892eac,Memunatu Abdullah,https://play-lh.googleusercontent.com/a/ACg8ocLBZCNiyh4uyobar2gxaa7ny5RA44_HVif10J9-Rs7Yij9XFw=mo,My wat,5,0,2.24.21.79,2024-11-02 21:07:43,,,2.24.21.79
04fde287-9564-42b8-a176-5e3c00bfcaa1,K. Sushma,https://play-lh.googleusercontent.com/a-/ALV-UjV4CrOobCB4bUW1rvbnTwxk2EdaGl9UidhbY_FadwcMZEPKiWQ-,Vry nice,5,0,2.24.21.79,2024-11-02 21:07:21,,,2.24.21.79
3ea03893-58d3-429e-8974-7939a87762e9,Fithi Love,https://play-lh.googleusercontent.com/a/ACg8ocLxD_40jlO9gulCVBS7_83R7ttF4eWGHzOvy75vi-w1tvr_fQ=mo,Why is that spam to my number when i regester like a new ?,1,0,2.24.21.79,2024-11-02 21:07:16,,,2.24.21.79
99458350-2f75-42a9-9661-0b96591abee9,Arvind Kumar,https://play-lh.googleusercontent.com/a-/ALV-UjWZSzYb1RpA_EB8oz7HinMUh_q2i7Xd_z10QDtYyIMF8S9kJjw6,Hamra whats app me lock üîê LG. Gya tha,4,0,2.24.21.79,2024-11-02 21:07:13,,,2.24.21.79
a3ff2bf0-2447-4b32-b738-19c3a4bddac8,AS Writes,https://play-lh.googleusercontent.com/a-/ALV-UjUlbFitjBkJbyDRJBgq1-zXp8cZ1xvFaRPJlNW64-qTLTWIhsFQ,"Hi WhatsApp Team! I Recently received a message stating that I need the official WhatsApp to use my account. However, I am using the official latest version. Can you please help me this issue and guide meon how to resolve it? Thank you!",1,0,2.24.21.79,2024-11-02 21:07:00,,,2.24.21.79
bd82a64a-75eb-4f51-9a28-034473b61e24,Haider Khan,https://play-lh.googleusercontent.com/a-/ALV-UjUENL46zUAVXmUN8JzAXjx_JGAH3JRAG4sCPtFiU88CxTFC3iva,ŸÖÿßÿ¥ÿß ÿßŸÑŸÑ€Å,5,0,2.24.21.79,2024-11-02 21:06:50,,,2.24.21.79
0075e416-e6d0-460f-836b-5635f1e3e477,Ibrahim Kiswetya,https://play-lh.googleusercontent.com/a-/ALV-UjXXwMwbq6Dd-sNdWRQ9DJOS1dLH9b6q_w1oNMSLlVsU0E8sWEmA,Every time i wanted to open my account on verification it send me a notification that aim using unofficial website so i need to download the official website even if i tried to download the app using the link provided by that notification but still the same problem happen For almost two weeks now aim not using my whatsapp it realy bored me alot Even i got a kind of loses from losting my custumer for all that period,1,0,2.24.21.79,2024-11-02 21:06:26,,,2.24.21.79
8108af5e-0720-4ae0-8461-43b047e200c1,Reshmi,https://play-lh.googleusercontent.com/a/ACg8ocLrMmuMOdc4F3oFrsKEFcqVzHNr24Qi3zloQY6tmkb42sw2Kw=mo,‚ù§Ô∏è‚ù§Ô∏è‚ù§Ô∏è,5,0,2.24.21.79,2024-11-02 21:05:56,,,2.24.21.79
d6df63f2-0ca4-42c4-a6d1-0fe2cd8f2464,Owojori bamidele,https://play-lh.googleusercontent.com/a/ACg8ocIAXcaGMHni3HvRA43gKMIAaELjo5EHU-w0kK0nOa4__8HNWA=mo,Very good,5,0,2.24.15.78,2024-11-02 21:05:49,,,2.24.15.78
b0d8a6e6-62b2-4aa8-a504-f5a2b22bde75,Md Musharof,https://play-lh.googleusercontent.com/a/ACg8ocK0rFZ8fAB0AaYAPXYk_4kZ-NK6MprTUT4ixBO72WIYJoS_uA=mo,Describe your experience more optional,3,0,2.24.21.79,2024-11-02 21:05:01,,,2.24.21.79
bcfbdcd4-64e8-4daf-92f8-8803b1891b81,Mohammad Amir,https://play-lh.googleusercontent.com/a/ACg8ocJg0TbuwX0SR1sJNzv6m34ETOIw-wibxQLDiyxD1NTKDQdVXA=mo,And then,5,0,2.24.21.79,2024-11-02 21:04:45,,,2.24.21.79
ae0389cb-5a1c-4e70-a2f0-068e44d4c71b,Favour patrick Odidi,https://play-lh.googleusercontent.com/a-/ALV-UjUVHgOtq0LOFr5yVFfJdo557JHmpc7KmozGp7ELue9mJZalAdg,It helping me allot,5,0,2.24.15.78,2024-11-02 21:04:45,,,2.24.15.78
09228093-d3ca-400a-8267-6d660d743f4f,Fredrick Ssemwogerere,https://play-lh.googleusercontent.com/a/ACg8ocJMdQ-3G09f-QNvG42qVfII2gopAW_dcyVc3KzGiAvJtfG4wQ=mo,Watsup is soo great Ink,5,0,2.24.16.76,2024-11-02 21:04:40,,,2.24.16.76
635d6337-f90e-43a0-b2fa-0eb0d9d15810,Layla Phillips,https://play-lh.googleusercontent.com/a/ACg8ocLa60KV2_L8bYR9NWUSfgzLjP0wIgjPShBeiwHgIX08SDkGRQ=mo,PERFECT!!!,5,0,2.24.21.79,2024-11-02 21:04:24,,,2.24.21.79
9119b750-63ce-4efd-8a70-53aa745b888c,Lalit Kumar,https://play-lh.googleusercontent.com/a/ACg8ocLPTx0uZUKBpVVy53qQeAc1I9k3GwOeELN8p5OOvbVKG31N-Q=mo,LalitkumaarüáÆüá≥üíñüíï‚ù§Ô∏èüíñüëà,5,0,2.24.21.79,2024-11-02 21:03:01,,,2.24.21.79
d2524262-a8c4-4f6a-ac06-db36715728ff,Shaik Rahill,https://play-lh.googleusercontent.com/a/ACg8ocK1xwKZC3hwd4rGhiMY42rcAIgW1nlpp4QqHnj9s7WQBtUrvAQ=mo,ExcellentüíØ,5,0,2.24.21.79,2024-11-02 21:02:59,,,2.24.21.79
e5ae9e72-7355-474a-92df-9826a253d167,Farman Khan,https://play-lh.googleusercontent.com/a/ACg8ocJkgoFTyzUAdQAU_K9mZ12h_i9yU6srbJInmf6uDplKXRSoQA=mo,Good service,5,0,2.24.21.79,2024-11-02 21:02:31,,,2.24.21.79
f7e66941-80dd-43c2-ae1a-813e8a34ba5b,Vishwajit Javalkar,https://play-lh.googleusercontent.com/a-/ALV-UjVGZrm7526LUuMD2rK2U4aZ_P2gBXfV8nZMXGkIUgjcsmRt2ZQ,This is very beautifulüòçüòç,5,0,2.24.21.79,2024-11-02 21:01:41,,,2.24.21.79
862ee615-7720-4911-a5f0-7150edd5674f,Hamza Abdul,https://play-lh.googleusercontent.com/a/ACg8ocLYowkOAdmDwqQ15NCXeOc-2bivcQ1ab1R-FHCnvSMM2j1ZzA=mo,Very pretty app,5,0,2.24.21.79,2024-11-02 21:01:33,,,2.24.21.79
e87573f9-bf62-4f97-99c8-656aec949ce2,Salesu Muhammad,https://play-lh.googleusercontent.com/a/ACg8ocJu1OkzyaWVRRmZZhS8RcAY8EjM9Z14fEbIqhx3xY9ObJfAkw=mo,Salisu Muhammad,5,0,2.24.21.79,2024-11-02 21:00:47,,,2.24.21.79
b55bd9f7-797f-47be-8fe3-1e66d84c7694,divya nagar,https://play-lh.googleusercontent.com/a/ACg8ocKevwQ3TahbwAy0ljstN5A5o_7di6k2b3FXMN1LgvfNBvPe6Q=mo,Super aap,5,0,2.24.21.79,2024-11-02 21:00:38,,,2.24.21.79
23d71ed6-2e38-4141-a311-479f42a3f97e,carloS,https://play-lh.googleusercontent.com/a-/ALV-UjVykSmJvUkAu1oquulaI56jNVV6uKsEHP4KdEfcfBrpr4Jx1io,"alguns problemas que vem ocorrendo desde as ultimas atualiza√ß√µes s√£o: a quest√£o de midias que s√£o impossiveis de vizualizar pq foram enviadas a muito tempo, tamb√©m sobre a Meta AI que √© simplesmente estupida e erra perguntas b√°sicas ou as respostas simplesmente n√£o fazem sentido e tamb√©m sobre o status que constantemente me impede de enviar videos. Em resumo: o whatsapp vem mudando muito, algumas coisas para melhor e outras para pior, mas pricipalmente para pior.",1,1,2.24.21.79,2024-11-02 21:00:31,,,2.24.21.79
bb712f52-c02a-406f-8386-55690a207313,Halim Abdelnabi,https://play-lh.googleusercontent.com/a-/ALV-UjVfbLQXyW25mSHToTWviBvZxQLwkXSbhh91vQjBxFS6ahwu7tK0YQ,Hospitality industry,1,0,2.24.4.76,2024-11-02 21:00:10,,,2.24.4.76
55baa8a6-d3c1-4d01-819b-19b10152438c,Victoria Dansoa,https://play-lh.googleusercontent.com/a/ACg8ocLYUwh4HJ_WJl8XEQ0MojrKsRiFIjp2G7KzY0aVVNDnme1xDA=mo,I have used this app it's kinda of outdated otherwise I will recommend it,3,0,2.24.21.79,2024-11-02 21:00:01,,,2.24.21.79
e2babafd-66c6-47e1-bea8-eacf2d43143e,Amrita Mukherjee,https://play-lh.googleusercontent.com/a-/ALV-UjVwA46vBgOUBOuuWCugsAfYZUAR1g5IMTJVEkth5iDR9N6gjKo,I could be happy if WhatsApp could provide song putting option in statuses like instagram.,5,0,2.24.21.79,2024-11-02 20:59:51,,,2.24.21.79
609d36e3-055b-4dc8-bf85-b1f88f6f52d4,Adawiya Abdullahi,https://play-lh.googleusercontent.com/a/ACg8ocLstFOxdGGzQj0R8z-A7x0wO1eKgaz4LopbKIoPjZz323gn1w=mo,Is been difficult for me to access my whatsapp,5,0,2.24.21.79,2024-11-02 20:59:35,,,2.24.21.79
91152144-ee8f-440d-8daa-a8408b0137c3,Shakeel Ahmad Baloch,https://play-lh.googleusercontent.com/a/ACg8ocKymD9t5A2zBdWU8qIkoT3fckXlt-kh8z4TTHboRHxHZ7Kp8g=mo,Love üòô this All time ‚ù§Ô∏è,1,0,2.24.21.79,2024-11-02 20:59:12,,,2.24.21.79
17e9b7f2-af70-472f-85e3-92729c8cc2f1,Yakubu Yunusa,https://play-lh.googleusercontent.com/a/ACg8ocIb9xyWNyrP4_njWGJ_YTgZBblZDXVT1TDXio_89WO3gUEGsQ=mo,Yakubu ynunsa,4,0,2.24.21.79,2024-11-02 20:59:09,,,2.24.21.79
4c9da438-833d-4bed-994c-f2231611c106,dipto mondol,https://play-lh.googleusercontent.com/a/ACg8ocKPlhutDL9ySL2OU4o7Oz5-hEuf6ZnWRssoUWsSLXN0cQyOeg=mo,Good,5,0,,2024-11-02 20:58:26,,,
6b4620b9-e0b8-4d99-b7b2-c2b9fb01af61,Mulu Mom,https://play-lh.googleusercontent.com/a/ACg8ocKiZVWkRQJ97mZyqPUPVlfp9YGQDHl4LRnxD24IZHVXtErW1g=mo,·ãà·à∞·â•,3,0,2.24.21.79,2024-11-02 20:57:58,,,2.24.21.79
679e67b5-433f-460f-ad13-d2384a497b19,BlessLeahcim,https://play-lh.googleusercontent.com/a/ACg8ocJO70jX8SUhH5Ndzb5VNF-i7I0CeAJ36pZ4in0dx2BwBOwwbHnH=mo,Absolutely great!,5,0,2.24.21.79,2024-11-02 20:57:23,,,2.24.21.79
305b327c-a0db-4042-97f0-9341042f365f,Sami Ullah,https://play-lh.googleusercontent.com/a/ACg8ocJvr5H5bedFiQvn5pOIYSjCe1yMfRDPJUqSPIiHiZK1v4TsnA=mo,Ali Jani 512 ala,5,0,,2024-11-02 20:56:45,,,
bd001b1b-5257-4d39-b053-70060e6cc927,Senthil Ragavan,https://play-lh.googleusercontent.com/a-/ALV-UjVCvz6bbgwy646_1yxlUY7jZf7VNNSUYtYHSYHpVGnNFY_5gtE,Good,5,0,2.24.21.79,2024-11-02 20:56:39,,,2.24.21.79
ca3b198f-3f8a-40a0-8101-fab7e7ed64b6,Janighl Madusanka,https://play-lh.googleusercontent.com/a/ACg8ocID2clAwEPVjuoxKhlM1L8bY8vdn6lKf-JwZ8bN3WuvNELdjw=mo,Nadusanka,5,0,2.24.21.79,2024-11-02 20:56:38,,,2.24.21.79
eb5b2fa2-3951-42e6-b42d-65e52ce1b612,slindile esihle,https://play-lh.googleusercontent.com/a/ACg8ocIFYjf78DwN1JZe_h2ZMqoqqwP5SOWLY3XxSv3ngx5HolR99A=mo,"This app is the best so far , there are no complaints about storage getting full and it works smoothly with my Android . I am happy that I am using whatsapp messenger. ‚ò∫Ô∏è‚ù§Ô∏è",4,0,2.24.15.78,2024-11-02 20:56:30,,,2.24.15.78
068bf74d-046e-4912-8816-c8c1ee7d6464,Tumelo Moahluli,https://play-lh.googleusercontent.com/a/ACg8ocIoO4tnXg3EtGQQ7ko6vVfdQsJ99yEanv2S7XVlGR-nYigvXg=mo,The best app ever good job creating it,5,0,2.24.19.86,2024-11-02 20:55:47,,,2.24.19.86
837a3785-29d7-410e-b0bc-e569dcd99312,Shamirah Nassolo,https://play-lh.googleusercontent.com/a/ACg8ocKhUyxauV9sJ8tJ7oW7pdMDjCdRTCzR7zi_kPbSk48H77grGQ=mo,So cool,5,0,,2024-11-02 20:55:23,,,
52768f38-4293-401a-822d-ebeb96c362e1,Hariomtrivedi Trivedi,https://play-lh.googleusercontent.com/a/ACg8ocLHK-w-kbC6GRs9MeoGkDMLoFbk6H8t3_A4XNA_nnIOg0CjnA=mo,‚ù§‚ù§‚ù§‚ù§‚ù§‚ù§‚ù§‚ù§‚ù§,5,0,2.24.20.89,2024-11-02 20:54:12,,,2.24.20.89
08218ef6-19c9-45ec-a246-7a9359013f8c,Monsur Alom,https://play-lh.googleusercontent.com/a/ACg8ocLlzyDXY4qPswYUW0N-CXkY0EbRhWt_fj8W2wedSsD1D0csHw=mo,Very good apps,5,0,,2024-11-02 20:53:28,,,
913fe011-ee46-4a63-9da3-f5065e7de77b,Gloria Emma,https://play-lh.googleusercontent.com/a/ACg8ocJYOgaPuuXJLjlk6pp8nCKVyJR8UIpSx7eKq31cXaQm1jkK=mo,Ihave no experience,2,0,2.24.7.81,2024-11-02 20:52:43,,,2.24.7.81
cec0970d-a5fd-4c18-83a5-e2ccd365378a,Md Halim Mia,https://play-lh.googleusercontent.com/a-/ALV-UjVxPzWcnExEYjD_fsUOjg4o4v_HOLQNEXszM3EXVuC2e6jZ-Lzx,good app,5,0,2.24.21.79,2024-11-02 20:52:43,,,2.24.21.79
d68d760e-f970-4e94-a9aa-17c69aef273c,Raj Thakur,https://play-lh.googleusercontent.com/a/ACg8ocKBVPzy9oFUQ11e60RkYx5z32NAOMWCWpYCzTq4L3h0TXGLNw=mo,Nice,5,0,2.24.20.89,2024-11-02 20:52:34,,,2.24.20.89
11200c3c-d479-4410-9908-2a3842e82d7a,Priti Goswami,https://play-lh.googleusercontent.com/a-/ALV-UjX4_CZYxHjHbAmRlJ6AOkq1aU7YWenPSwSelyjQ4kqyopNtZmcl,Mere paas WhatsApp ubdate bohut slow ati hey,5,0,2.24.21.79,2024-11-02 20:51:22,,,2.24.21.79
f3433c34-5136-404a-ac6b-3e11f6c4d007,Isnara Georges,https://play-lh.googleusercontent.com/a/ACg8ocKHbeDv5fbY2OCE2o_WvuPf4MBp2yZldlG-Q1BPjGMB7UbVdA=mo,Saw 5 RV y,4,0,2.24.15.78,2024-11-02 20:51:17,,,2.24.15.78
29fad843-f51c-47fd-aa87-6025c8c80c90,Atul Kumar,https://play-lh.googleusercontent.com/a/ACg8ocLdMgnSh2Osv02zyMWczAyVfme1YlfxmCJCxX91ykpkVvUnWw=mo,atul kumar üíîüíîüíî,5,0,,2024-11-02 20:50:49,,,
813d78a0-0641-4f7e-b4e5-d0496ea35a60,Jonas,https://play-lh.googleusercontent.com/a-/ALV-UjVn8ZqVb7X3udUSuCVZR5mVb12DDlHiP1-ZWKd-P8RDUJZVJzih,It's very great but for some reason it always disconnects my calls,4,0,,2024-11-02 20:50:09,,,
91fa6e2b-9850-4a49-a1c2-2102c2f76a4b,Abhishek Mukherjee,https://play-lh.googleusercontent.com/a-/ALV-UjUMkLQhWZPqQENE6z8fVc2gcb3wi1Owu0hXPBewncSDXiBPhtQ,I believe it's the most widely used communication app in the world üåé and I üòò it.,5,0,2.24.21.79,2024-11-02 20:49:12,,,2.24.21.79
b55cfc07-4a19-487e-a305-00b8a241ddf7,Bushra Husain,https://play-lh.googleusercontent.com/a-/ALV-UjXbW4SrvAg_B8N4N0Viy_qb9MKrGGuerwe2HmPFYxxO1yh6W_M,Wow,1,0,2.24.21.79,2024-11-02 20:49:00,,,2.24.21.79
95835c3c-3a92-43eb-b912-82f1cb810cbd,Rupali Kandhare,https://play-lh.googleusercontent.com/a/ACg8ocLIiuhTS7soRj-Xe7WAK2ZbUV-hjITx4rkWOyDkiXcjZI--_A=mo,Good üëçüòä,5,0,2.24.21.79,2024-11-02 20:48:48,,,2.24.21.79
2645b88e-8a31-4e64-9bf6-54707ffdba30,Junaid Javeed,https://play-lh.googleusercontent.com/a/ACg8ocIuwa2koO06mTivw0O2MIXi2tv3WvKkH5UIqy5in-oLZCixPA=mo,Nice üëç,5,0,,2024-11-02 20:48:48,,,
1c8387a5-4e8b-4afd-a226-09b14db02d43,Dave Costa,https://play-lh.googleusercontent.com/a/ACg8ocLi3r-hQaIf0LGBmH5KeuwLfIVrEscJiiq40QR9XgY5rT4ItWI=mo,"It's a good social app, probably one of the best there is, but the app reduces quality of medias especially videos and pictures whenever it is sent through it",4,0,2.23.23.78,2024-11-02 20:48:23,,,2.23.23.78
7efb412f-7290-4a81-a512-f96e33f72a84,kartik Thakare,https://play-lh.googleusercontent.com/a/ACg8ocKxcsLi6dOrSApj9a7U0CdUylk88OUE_OKtuadbH2hiRJEAoA=mo,Very nice what's up,5,0,,2024-11-02 20:48:18,,,
a1588e06-b71d-4a6e-a6b8-2ed9b5ecaa39,Golu Star,https://play-lh.googleusercontent.com/a/ACg8ocLgqE-qMWlIiAj8sXW3eXJcK7l4nh4RBRypsMWTZaH81nb3Ew=mo,Ok,4,0,2.24.20.89,2024-11-02 20:47:49,,,2.24.20.89
c77bacaf-8118-4cab-aed8-686a22ddec1d,Waqas Khan,https://play-lh.googleusercontent.com/a/ACg8ocK4JeAV-1HuGMndknidMD9DUEr4of3E8dHmISaKAdCC1usShg=mo,Nadeem khan,1,0,2.24.19.86,2024-11-02 20:47:33,,,2.24.19.86
634c5b55-4d00-4056-9b2e-061b8b2a26f6,ALIE E.,https://play-lh.googleusercontent.com/a/ACg8ocJKVFw9P9fcEymGJTftn7Gp14O68PYDwIiQ8SXxgYS8wf8SMA=mo,Good,3,0,2.24.21.79,2024-11-02 20:47:30,,,2.24.21.79
dfdc4950-1e4f-43e6-9665-d74aed5b22de,Sabbir Hossain,https://play-lh.googleusercontent.com/a/ACg8ocKUlNhc922QUxlLM1wZBKKlWEi4jI_4WN6z5Ld5fQsbF77bwA=mo,RI,1,0,2.24.21.79,2024-11-02 20:47:24,,,2.24.21.79
5efd5e8a-5795-4d68-9e92-e7620253ef33,Adil Bhattirajput,https://play-lh.googleusercontent.com/a/ACg8ocKU91vrDqcC4PoPTbjvdxIGCwXgqV0T-PSQgtZeN3nxdmXLQQ=mo,Note 9 galaxy,4,0,2.24.21.79,2024-11-02 20:47:19,,,2.24.21.79
bcec662e-dea6-44fa-9d06-9ae5eda16a91,Sonjoy Barua,https://play-lh.googleusercontent.com/a/ACg8ocK1WqvVcKD5a6tedknARXoJfPMo8DCqCDtIjIFkEdS5h5F2yU0=mo,beautiful,5,0,2.24.21.79,2024-11-02 20:46:30,,,2.24.21.79
af870900-fd4d-44b6-9b87-afba6bc957ee,Ayyanar P,https://play-lh.googleusercontent.com/a/ACg8ocKPIC_NLQ_txXQAyemzxo6VqgmLQhG9YYA69Zif4SfbINlZ=mo,Bad servicr,3,0,2.24.21.79,2024-11-02 20:46:18,,,2.24.21.79
7bac6273-c12b-4bee-92fe-a512989d08ce,Abdallah Fawundu,https://play-lh.googleusercontent.com/a-/ALV-UjWhyZVA1uolThMShkcHrOqWbQ6b0UKfZuUrBunofU9Lg3Q2rlS7,"WhatsApp has been my favourite social media tool for effective and efficient communication throughout the years I have been using it on any mobile device. However, this 2024, it has started malfunctioning by banning my account on any device I try to login for no reason. I always complied with its terms and conditions. I have never gone against that. It's really frustrating because as I type, they are still telling me that my account has been banned. Please try to amend that.",1,0,2.24.21.79,2024-11-02 20:46:08,,,2.24.21.79
3001086c-2ce4-4bde-8425-2c9d51fabfe6,Aliyu Umar,https://play-lh.googleusercontent.com/a/ACg8ocIRYkrJ7WWc77LhQu9cvWkUgB_nyKX2x3KR4VAeUITJ0RIHjw=mo,Wow,3,0,2.24.15.78,2024-11-02 20:46:04,,,2.24.15.78
375813e0-44a9-4684-9d4e-729df3dcd607,Mirza Muhammad Akhlaq,https://play-lh.googleusercontent.com/a-/ALV-UjUZpu_brzWZ__m4q3Vq1pWj7sSIvy99GRslLXw1ZP645BzFoHE,I have issues when I installed new WhatsApp in my new mobile it's show download from official website why it's happening again and again with me please resolve your issues,1,0,2.24.21.79,2024-11-02 20:45:46,,,2.24.21.79
1de36b54-fa9d-4ed2-bb9e-4e58e4eb2802,Nadiya Islam,https://play-lh.googleusercontent.com/a-/ALV-UjXRI0y-MZjh8Rb7qmJyYeIbh4ZXaJbqOMI2zEkswqirohvjUzcz,It helps me a lot to contact my family members and friends it's just awesome,5,0,2.24.14.76,2024-11-02 20:45:26,,,2.24.14.76
46196f61-fae3-4aa6-a015-35d3a1b61d47,Kajal Arya,https://play-lh.googleusercontent.com/a/ACg8ocKoBW_8z0XoFc57akR2rrXPLUisbADyuXOQWgsQ-djmhVG6vA=mo,Nice,5,0,2.24.16.76,2024-11-02 20:45:12,,,2.24.16.76
cb6c31ff-2718-49ce-82c5-89d8d5952d85,Abbas Ali,https://play-lh.googleusercontent.com/a/ACg8ocJ3DG2_kkpkeiR8k_377gw79u47nuUcVgEcVpMhPQPGXmWvfg=mo,Hÿ∞Ÿß.⁄©ŸàŸÖ ÿ¢ŸÅ€åÿ¥ŸÑ,5,0,2.24.21.79,2024-11-02 20:45:09,,,2.24.21.79
ca0844bc-a8d2-4b9b-b0a5-5abba6801010,MUHAMMAD Ashraf,https://play-lh.googleusercontent.com/a-/ALV-UjVeUCT54jXih1cCvdWZX-W3uD5SspZGbJzY1Ub9FCfobfWXAhlh,Whatsap,5,0,2.23.13.76,2024-11-02 20:44:57,,,2.23.13.76
02f466c8-8842-4237-892d-6cb8a66cfbf3,Babu Ram,https://play-lh.googleusercontent.com/a/ACg8ocIc4gecwTgHEF7pcXwsEHYCK0Y71_IvvwNJ1N5P4P_3-C8QtA=mo,BABURAM 86601 6001,5,0,2.24.16.76,2024-11-02 20:44:03,,,2.24.16.76
823724b7-952a-450c-8292-5b4f325cef37,hendrik cahyadi,https://play-lh.googleusercontent.com/a-/ALV-UjX11PXLs1l0eGFPiY3rfLnHxQMPT7ZLtMNC1va1HAVVn9lQfuPc,like,4,0,2.21.14.24,2024-11-02 20:43:49,,,2.21.14.24
db050341-4a43-43e3-8e89-ed488f68ceb7,Ibrahim Olajumoke,https://play-lh.googleusercontent.com/a/ACg8ocKPJeE26kMlrzCfOY2ezS1ELf34rrfmgrD8M3F80dmvfntB3g=mo,Great app,3,0,2.24.15.78,2024-11-02 20:43:40,,,2.24.15.78
d74e55f3-6dc3-4e7a-aa33-c91743cb2153,Franca Onyekachi,https://play-lh.googleusercontent.com/a/ACg8ocJyZU4tXGqck6uyn-gPb47jf7AeKzOXXjc2_V7CJi6JlN43Aw=mo,Good,1,0,2.24.15.78,2024-11-02 20:43:39,,,2.24.15.78
8c1ec915-f4dc-4b9d-9505-6623825e52da,Desmond Bentill,https://play-lh.googleusercontent.com/a/ACg8ocKrFstVwTW5Q9xPwFnwaRi5IjpmuYiZOU5pNsSvbJs-ECafdA=mo,It's good to use,5,0,2.24.21.79,2024-11-02 20:42:57,,,2.24.21.79
72f39c75-2d77-4729-ab93-69cc1e455c0a,Nabimanya Elvis Isiah,https://play-lh.googleusercontent.com/a/ACg8ocIrhOJy-1_CIpva28iuWU301h61HZi-9TmuZUJ2gbp4dcHNEg=mo,Cul so far,5,0,,2024-11-02 20:42:54,,,
b7888fe9-d4c1-4bc6-b4b0-f52b5d0fc8c0,Saidualhassanasp Abdulkadir36,https://play-lh.googleusercontent.com/a/ACg8ocLXcZ3YRe9WKAK5Dvc91DukPSyqiiEsvnDPRuoCs0bJHJHb=mo,Nicely,2,0,2.23.25.3,2024-11-02 20:41:23,,,2.23.25.3
82828048-d054-43bf-b15d-9436937c548e,Muhammad Ali,https://play-lh.googleusercontent.com/a/ACg8ocIW3t_mEZceoaAnahPgEfRsCV7SKl2vKiIdakxg4bi8cF8nGQ=mo,Good,5,0,,2024-11-02 20:40:48,,,
1b0fe603-8ef7-4cf1-bb86-df4a06b9ca84,Anas Ansari,https://play-lh.googleusercontent.com/a/ACg8ocIh-Xc8oHznGVRqh-7eHNCNJkHHATpLkURz1Yvis8Z0XoOu3Q=mo,Nice,5,0,2.24.21.79,2024-11-02 20:40:44,,,2.24.21.79
a270ead2-12fd-40a1-9c72-280d0c2a7efc,Georgina,https://play-lh.googleusercontent.com/a/ACg8ocKDS0WQcTYMjR54kYLeoAuH68_OHT3L9vfniIpQjlnQFb3haw=mo,Good,2,0,,2024-11-02 20:40:38,,,
d75653f8-732e-40e3-a985-39f3be7b8633,Paramkusham Tarun,https://play-lh.googleusercontent.com/a-/ALV-UjWxqjCH8KSUMSghVzdYmjW2oS0kkjiO7gwuT1amBPujL5jqc3yU,"Hi Team, I like whatsapp, but can you please add one feature into it. It helpful for everyone. Feature is ""After Viewing"" the message it should delete automatically like timmer acts in WhatsApp for 24 hours. This feature option which is already implemented in ""Snapchat"" application. This is my only request to add option in WhatsApp after viewing the message last chat should be deleted automatically and it should show notification that it was deleted or something. Thanks!",5,0,2.24.21.79,2024-11-02 20:39:50,,,2.24.21.79
5bbb10c6-f20f-4f69-a9a2-f91120287341,Bhavishya Raj,https://play-lh.googleusercontent.com/a-/ALV-UjV4_B_DVR9YncrNE-vm2YVdScmlBAzCh1LRg5r2QJU0uMLBBr_r,"When i try to login my whatsapp account in official whatsapp downloaded from play store,i face a issue in login and a message appear ""you need the official whatsapp to login "" i already using official and latest whatsapp but i face this issue every time.i am unable to login my whatsapp account.Solve this issue as soon as possible in my device.",1,0,2.24.21.79,2024-11-02 20:39:49,,,2.24.21.79
3157e270-7f64-4afe-a085-3db18813c820,≈™xƒÅir RƒÅ√±ƒÅ,https://play-lh.googleusercontent.com/a/ACg8ocIvRQL3JzR-nqYzQXmoI8CZleQpc7gelcH0X2PyCqp3Fs_IyQ=mo,ùïÄ ùïùùïöùïúùïñ ùï•ùïôùïöùï§ ùïíùï°ùï°,3,0,2.24.15.78,2024-11-02 20:39:49,,,2.24.15.78
f49cd412-ba47-444e-bbfd-946e57941da3,Abdon Zagi,https://play-lh.googleusercontent.com/a/ACg8ocJ8sSBzXBNxwAxHzU5ZmJnW87I7IlbNua-pKLisaOxVv8_1=mo,Very good,5,0,2.24.16.76,2024-11-02 20:39:48,,,2.24.16.76
ce9e3f4e-cd17-408e-88cf-05cb353d4c88,Courage Mutyoraringa,https://play-lh.googleusercontent.com/a/ACg8ocIFppR0HUludMdHejjkW7OwoBIoGD1uzniS8Rtzoj7Xh3IW4Q=mo,I love it,5,0,2.24.16.76,2024-11-02 20:39:48,,,2.24.16.76
538bbd4e-e7d0-4c48-9045-821e14adac3f,Sarfarazbaloc3 Baloch,https://play-lh.googleusercontent.com/a/ACg8ocKtJpAqyDEo1iC8Xy1Y2Uc8vcWKe9HuE5h9XEE3RaJ-grn1EQ=mo,@Raja Ali:üé§ voice message ‚ñ∂‚Ä¢ ƒ±lƒ±ƒ±lƒ±lƒ±lƒ±lƒ±ƒ±lƒ±lƒ±lƒ±lƒ±.,4,0,2.24.21.79,2024-11-02 20:39:43,,,2.24.21.79
7d4b7dfc-34af-42b9-a278-afb38c2d6bee,Kavita,https://play-lh.googleusercontent.com/a/ACg8ocKlFKrkFD3bUGZmreZJpfiX69EZB6qSNg5068Tt9iSkQ_rWmQ=mo,Too much takes time in installation,1,0,,2024-11-02 20:39:06,,,
a690c65c-126f-40f8-b29a-9d341e31def6,Thembelihle Mazibuko,https://play-lh.googleusercontent.com/a/ACg8ocKNIzx0siEeMxLvxeW26dHq6wYsZkrLycCs8zPrVJ-CSPLAFw=mo,This app is amazing however I don't understand why screenshots are denied Seriously üò≥,3,0,2.24.21.79,2024-11-02 20:38:59,,,2.24.21.79
bdd0b8d2-d68f-4bcc-b710-02cf50615882,dulal Chakraborty,https://play-lh.googleusercontent.com/a/ACg8ocI0GUA-omwFw3FIJ1i7sXRpFx8wtkLjD2E_gmQ0YMpNP4YgiGVa=mo,It is good in using but the problem is that we can't take picture of any other's dp image by clicking on it. Please fix it.,5,0,2.24.21.79,2024-11-02 20:38:53,,,2.24.21.79
d5193ec2-9502-49f3-9fda-326e837e29d7,Cahya Abdella,https://play-lh.googleusercontent.com/a-/ALV-UjVzPgmLodEAgApmENsLFMx4AIf5jCmJLg3bso7k9kH43EOlg9J2,"My whatsapp crashes when i was accidentally recording myself in whatsapp, my bad actually... hope this problem can be solved to get fixed, i'm very confusing over all time, whatever i've went to waking up in midnight, never sleeping again.",3,0,2.24.21.79,2024-11-02 20:38:52,,,2.24.21.79
33432f94-72dc-4fcc-94a6-09daa79421fc,Peyton Shatty,https://play-lh.googleusercontent.com/a/ACg8ocINxWrmT-tW1x-2F9JFM-BfBErRBRh0nvQoxLPx89cp7wln2A=mo,It helps in contact with friends and family all the time,1,0,2.24.15.78,2024-11-02 20:38:07,,,2.24.15.78
3663a439-3cdd-4c3d-901f-7a456592b75f,Salomme Muhagama,https://play-lh.googleusercontent.com/a/ACg8ocI6WxJKM_ZlnxKqt0BaJ_N08v-KV0UctYdZbahbJ-YwiQDAgA=mo,Good,5,0,2.24.21.79,2024-11-02 20:38:05,,,2.24.21.79
1bbd0e68-eb6f-4bde-a621-4d8a9e0f5605,Mugomba Musa,https://play-lh.googleusercontent.com/a/ACg8ocJV8Dw6xEXqWwuFkQVm_MInj1wggUTBYOQo1H6v5cPYhwyY=mo,It's good üëçüëçüëç,5,0,2.24.15.78,2024-11-02 20:37:54,,,2.24.15.78
e29ebd9c-0f9a-44f6-a4a6-efdc0c43a1c1,Fadhira Kaniki,https://play-lh.googleusercontent.com/a/ACg8ocI_aP3Wp96G7TjXEliY3-f6FK4kWKZIrOVBKOJ5Ya3osh3bjg=mo,Good,5,0,2.24.19.86,2024-11-02 20:37:10,,,2.24.19.86
8dec6cba-f07f-4b9e-8001-74bb3971b25c,Prines ff,https://play-lh.googleusercontent.com/a/ACg8ocLZUv74O11QkNX8SYKA-lhYD3C6DMpF8n_6rjCdPl37Jp8l=mo,So helpful app This makes my workes easier than ever,5,0,,2024-11-02 20:37:10,,,
132803a4-fa2c-439d-819c-efc5aa5f7189,Amit Bouri,https://play-lh.googleusercontent.com/a-/ALV-UjVyc2VsUAOAuo3Ow1JEi7Sfjc2W_mOW41h2yM4-nLt8kPWALpc,A whatsapp not working so quickly work in my WhatsApp now,2,0,2.24.21.79,2024-11-02 20:36:26,,,2.24.21.79
a2899309-f477-48f5-85db-daa0fff5edc8,khan king,https://play-lh.googleusercontent.com/a/ACg8ocKXnMhjCxkb3F3cG5PxYNQQiMOGub27uDL-xOEG8pr_tjsc_A=mo,Yasser khan,5,0,2.24.21.79,2024-11-02 20:36:01,,,2.24.21.79
30f97ac8-1efe-4f9d-8cde-5dc258c172e6,Vikas Kumar,https://play-lh.googleusercontent.com/a/ACg8ocKo-5cVzhaISpqWkEuAVXig8YYUruqyITHchBcv5i84-kEbGg=mo,Please my whatsapp account unban,5,0,2.24.21.79,2024-11-02 20:35:10,,,2.24.21.79
41285a48-2e53-4a05-ac59-22b95b9288f2,tenvill Fernandes,https://play-lh.googleusercontent.com/a/ACg8ocIcl90GMGprR0CywHXXvETUSVKjNUUYaKpxzsp3-GT9MyAPfg=mo,Not bad better than snap,4,0,2.24.16.76,2024-11-02 20:35:08,,,2.24.16.76
f1e89c48-5351-469f-9872-7c9c213e595f,Najeer Ahamed,https://play-lh.googleusercontent.com/a/ACg8ocKnXUib3BnVxmZHnYVyXhaSBL5OmM4jO0gNcmZTuVMSt6ZIqw=mo,Moderate,3,0,2.24.21.79,2024-11-02 20:34:28,,,2.24.21.79
9b36dfe8-d543-49e6-81ff-114d6240ea1c,shofiqul silam,https://play-lh.googleusercontent.com/a/ACg8ocLwVFlJFMgdB76X_QQ3ZAI4dMDZp6O3MmsKiqjkBYkI1aL4rA=mo,"‡¶ï‡¶ø‡¶∏‡ßá‡¶∞ ‡¶è‡¶§‡ßã ‡¶ö‡¶ø‡¶®‡ßç‡¶§‡¶æ? ‡¶Ø‡ßá‡¶ñ‡¶æ‡¶®‡ßá ‡¶Ü‡¶≤‡ßç‡¶≤‡¶æ‡¶π ‡¶®‡¶ø‡¶ú‡ßá‡¶á ‡¶â‡¶§‡ßç‡¶§‡¶Æ ‡¶™‡¶∞‡¶ø‡¶ï‡¶≤‡ßç‡¶™‡¶®‡¶æ‡¶ï‡¶æ‡¶∞‡ßÄ‡•§‚ù§Ô∏è ""‡¶Ü‡¶≤‡¶π‡¶æ‡¶Æ‡¶¶‡ßÅ‡¶≤‡¶ø‡¶≤‡ßç‡¶≤‡¶æ‡¶π""",5,0,2.24.21.79,2024-11-02 20:34:25,,,2.24.21.79
f1983082-1fcd-46d7-b1f5-ce6d98267b95,Abdulmajeed,https://play-lh.googleusercontent.com/a/ACg8ocKRBqpRxdoL2ONRf7Pv1HCCh6dPLdjj17V5hnEtxWqQLETMWQ=mo,Tested and trusted,5,0,2.24.13.77,2024-11-02 20:34:14,,,2.24.13.77
3141b363-937d-438f-94ac-f01591442beb,Brima Koroma,https://play-lh.googleusercontent.com/a/ACg8ocII4S56vN3_OP9kJEHadhuUbvKGtg6uYQ4G3MRxaI4mvsXvWg=mo,I like watsapp,5,0,2.23.20.76,2024-11-02 20:33:52,,,2.23.20.76
5baa2cbf-faa7-4b4b-97ae-09914852da32,Nyima Saidy,https://play-lh.googleusercontent.com/a/ACg8ocIQ3RMTLz-iWHkZgMJat0hu2UWQnBfUQo6-l1HHdt4Ag88DiQ=mo,It's a good app,5,0,,2024-11-02 20:33:41,,,
a1bf9fa9-27d6-4b68-bd84-ab55a2eca4fa,Sawaiz hasssan,https://play-lh.googleusercontent.com/a-/ALV-UjVOzg6S3fmEahfwn3gmAWW0q2XY3ECY9Le0AggIPXjyQ8-tAtk,Good,5,0,,2024-11-02 20:33:33,,,
3921f790-4853-4d93-a37e-aef8062deb1d,Mumuni Fuseini,https://play-lh.googleusercontent.com/a-/ALV-UjVFAOkI3dnPBQRl0Cwf1JD8a8t-CqqjcgNvh6a62vPF56YE6y4,I like this ap very well üòçüòçüòçüòç and it helps me a lot thank for this app alot,2,0,,2024-11-02 20:33:27,,,
5e3ca42e-c466-48dd-a055-1ee23d5827a1,Sattya Patle,https://play-lh.googleusercontent.com/a/ACg8ocLYzYdjgzZdHNZCJSBXrFsYp_WPjQPujdIoAv8Jewfmb9vMZQ=mo,Ueujeooe,5,0,2.24.17.79,2024-11-02 20:33:14,,,2.24.17.79
d3e03ef6-cfe7-49e9-83a9-b708d984d54d,Graham Goodman,https://play-lh.googleusercontent.com/a-/ALV-UjVq7Wt--oAKl77N4JQIILOSxdFG5GGWC1lZxF6q7mHV50oGOiEz,Lovely,5,0,2.24.17.79,2024-11-02 20:33:08,,,2.24.17.79
2e24cf5e-78d3-41f1-8c62-918059631c67,Sameer Tainguriya,https://play-lh.googleusercontent.com/a/ACg8ocLFhO5gJCOymKN-FpgNR-5LFUkvl5CFY3-q3GmKDhwAttDkeA=mo,Sameertaingriya,5,0,2.24.20.89,2024-11-02 20:33:06,,,2.24.20.89
8a766fa8-db06-4a6d-a3e4-82651729d55b,Zakwan Amar,https://play-lh.googleusercontent.com/a/ACg8ocK31hGYaGv9cdikWR53jcNFsVhYHMYSuL88D63b6gdzgQSMNA=mo,beres,5,0,2.24.21.79,2024-11-02 20:32:57,,,2.24.21.79
94f1dae7-9359-4505-bf26-184ca81abbbc,haseeb2 hac,https://play-lh.googleusercontent.com/a/ACg8ocLhzL-LSxKVPbhXxX1udO-LjpPjW5bvnR46lbj8gyoM2LyPCA=mo,haseeb,2,0,,2024-11-02 20:32:50,,,
091a5204-93d6-4b90-b764-414ef877f717,Alok Agrawal,https://play-lh.googleusercontent.com/a/ACg8ocL_hn_pG1dA54_YQVlIevpfG2CTCYsd_Jrgf600bjkFnNFz7w=mo,Uf,5,0,2.24.21.79,2024-11-02 20:32:49,,,2.24.21.79
474dcba9-78af-431c-8708-05bd7c371e0c,s devendrpa S,https://play-lh.googleusercontent.com/a/ACg8ocKoBoF3RyKU5otER37n6VQVvRwZ450tezL9pPKYT2b9Ehbeig=mo,Three. Stars,3,0,2.24.15.78,2024-11-02 20:32:23,,,2.24.15.78
f9011db8-3538-4024-bbda-dc9d3e608dc5,Farighlog Khan,https://play-lh.googleusercontent.com/a/ACg8ocLtFd0Ti5NU_uMKoBSkrKfKIPwfnpYXc1JEvVNNDdxRugKWog=mo,Please send me a code,5,0,,2024-11-02 20:32:23,,,
3719249d-80bc-4e9f-8f7c-544d1f0edcab,Barbara Silva,https://play-lh.googleusercontent.com/a/ACg8ocJG-HVPevmgqrCHasSfV-4iwvHgdACSisbOk6L1YVnSwUUu8Q=mo,muy buena aplicacion,5,0,2.24.17.79,2024-11-02 20:32:17,,,2.24.17.79
29dff735-811b-4356-8c8c-51edaedcfcf6,opio emmannuel,https://play-lh.googleusercontent.com/a-/ALV-UjUghtWQJBSl9dvWtrdbRNvx6DxFxByvPCmdcQbGzLDbNEis_g,Good now since GB WhatsApp is now no longer working,5,0,2.24.21.79,2024-11-02 20:32:17,,,2.24.21.79
03b207cc-c62e-4f7e-9744-4bf18fa62a55,Shakuntala pareek,https://play-lh.googleusercontent.com/a/ACg8ocII9R717W0t53sRIXmz2fJTWA535jSapbF7518mO1jpLeVmgQ=mo,Mast app,5,0,,2024-11-02 20:30:37,,,
048c3c0c-25be-47c8-93da-15892562e406,Nwike Obinna,https://play-lh.googleusercontent.com/a-/ALV-UjWRdM0fD39u7uxFAqxglMQGzrWAMcpIZ4NnSNUwUOrRFDKXKdsX,I can't get beta update for my app,5,1,2.24.21.79,2024-11-02 20:30:28,,,2.24.21.79
be7beb94-2294-4588-9378-c1debfd31ad8,Chandan Thakur,https://play-lh.googleusercontent.com/a/ACg8ocJeo5axGlupWl9TVcG9B0mSVQnw6OT0LpcPJp_6X8j4yESbdQ=mo,Call nhi ho raha hai kyu,1,0,2.24.21.79,2024-11-02 20:30:04,,,2.24.21.79
1292b6b9-168d-4a0a-bd00-17b5c0370afb,Elineth Mbeleselo,https://play-lh.googleusercontent.com/a/ACg8ocJXXcNgWXrtdUj5IdU43AwmzRR3Nwxz0w6MtVaO7JqlsiW-FA=mo,Good,5,0,2.24.21.79,2024-11-02 20:29:24,,,2.24.21.79
b0265aa0-d2c1-48e9-aa67-1bc8c6cc33ed,Alex Sichinsambwe,https://play-lh.googleusercontent.com/a-/ALV-UjW8_63Tcr6I_LygPTGSq97_-ALp8yRiCLHwE0zbDKvUDGVt5HI,Its is a good app,5,0,2.24.21.79,2024-11-02 20:28:44,,,2.24.21.79
136ffd14-2818-4f25-b27c-690afdf031a3,khalvinda Baviskar,https://play-lh.googleusercontent.com/a/ACg8ocKjbzbAbZzbfF8AEzmzc4gBGTAP68J17H6VzQpuA9Oe3SQ56Q=mo,Good,5,0,2.24.21.79,2024-11-02 20:28:35,,,2.24.21.79
564e86ef-4ac9-45a2-a58f-be3fbf360046,Bisola Senu,https://play-lh.googleusercontent.com/a/ACg8ocJ-c_AZjefHhZ1TfX0-qx4ciT1wzXBAp7HipAVeUzRAqlW6dg=mo,"Great app but, can features like deactivate or hibernate be included? So you don't have to uninstall or delete when you need a break.",5,0,2.24.21.79,2024-11-02 20:28:09,,,2.24.21.79
1fd8ea5a-ba8b-4c2e-842e-1a6cc26b2e83,Lavanya Nasa,https://play-lh.googleusercontent.com/a/ACg8ocKoCKx0QPJrnsR0Cz56I2nTgJWnrP3mDvyx0HtPdHTb6umrDQ=mo,Nasa lavanya,5,0,,2024-11-02 20:27:51,,,
ed734890-73fe-4639-bd79-f0093cbfbfd4,Usman Malik,https://play-lh.googleusercontent.com/a/ACg8ocLm1inJRJUpD8DTPeMYxMV_0a_pAxxfpPd0nXCohpNtf90hqg=mo,Nice to meet my friends üòäüòäüòä,5,0,,2024-11-02 20:27:35,,,
1ed057e3-4449-4eb0-808b-ad57ff5a792e,amayo willys,https://play-lh.googleusercontent.com/a/ACg8ocK36-K2AxslXJLMgssdkDBr7pWTiH_F_LVg_l-pxDkCwMgbSg=mo,Good,5,0,,2024-11-02 20:27:33,,,
3bec358c-1746-464a-8f4e-2b8db98059ae,Moses Aidoo,https://play-lh.googleusercontent.com/a/ACg8ocKexLf4HxfOWsq3-I2-lDWLwHLE0QibXuin3jqIHAC__Utv=mo,I came from K Town Living at Apowa,2,0,2.24.21.79,2024-11-02 20:27:10,,,2.24.21.79
d4a8d448-3f1b-494f-9081-e9c307362ad1,raja mujeeb,https://play-lh.googleusercontent.com/a/ACg8ocJdVh6-874A-W3FSKYRcfRqVXjIhPMsnIWKleQcms_oyP-KtA=mo,bad app,5,0,2.24.21.79,2024-11-02 20:27:10,,,2.24.21.79
8dc71f03-79f9-43bf-9e76-9460b377d318,Ch asham,https://play-lh.googleusercontent.com/a/ACg8ocLY4lXZlFKZaiBP8noWVDcKnrBZVPQGLg2q0v-dbSwUJZ8JoA=mo,good,5,0,2.24.21.79,2024-11-02 20:26:12,,,2.24.21.79
f439f817-8b1f-4221-9fd4-ada90fcb29ee,Sagor Sakh,https://play-lh.googleusercontent.com/a/ACg8ocIHcmKLds_F7RA5cXI0TeEYrqY9yIVjHb5zMUGVKx2HoOacVA=mo,Ok,5,0,2.23.20.76,2024-11-02 20:25:54,,,2.23.20.76
58ec6387-cdf4-4091-958f-e1836923712e,Chinmay Das,https://play-lh.googleusercontent.com/a/ACg8ocLHLHz2li6E-CQuNBWjTwuWTAoLECeq4lUy5ezfrykdCYZs4w=mo,Request ta my whatsapp number unlock Request ta my whatsapp number unlock,1,0,2.24.21.79,2024-11-02 20:25:48,,,2.24.21.79
26c18eee-5ff7-43ef-8242-c3e4415fe539,Prajnaparamita Acharya,https://play-lh.googleusercontent.com/a-/ALV-UjUPzkSDPYc74ulAMKjftVYjXLi51c3s4Xr5P9DGOCRkvznAPcA,Thank you meta for this service,5,0,,2024-11-02 20:25:43,,,
48efae5e-8c09-4bd7-ac3e-2fbfa76b080b,Nipuna Kavinda,https://play-lh.googleusercontent.com/a/ACg8ocJCc3r0BwjqQT0XiswisDipRdQTHiX4bnzaSpUs4Gj0HwEo8A=mo,Better than others app,5,0,2.24.21.79,2024-11-02 20:25:42,,,2.24.21.79
c405ab8d-337d-43f8-a25e-e64b99bfabd3,Shreyoshree Chakraborty,https://play-lh.googleusercontent.com/a-/ALV-UjWbAtGLz4t4E9rAp3iFTvqlDwptjotkWHfXMlo9Aic6oHlftldKog,I am not getting the update of mentioning people in status and another is 1minute status update?????any valid reason,1,0,2.24.20.89,2024-11-02 20:25:31,,,2.24.20.89
2576412f-27f5-4fe0-8cd1-46794912df19,Chandraprakash Nirmallar,https://play-lh.googleusercontent.com/a/ACg8ocJloxTMiq6xIRqA5DWdjodidFrxuqMfIjqA2MkMOTsj6b8dHw=mo,Chandu,5,0,2.24.20.89,2024-11-02 20:25:26,,,2.24.20.89
49b49a60-919e-4a2f-8d62-6a78a7568e68,Santosh Tripathy,https://play-lh.googleusercontent.com/a-/ALV-UjWeoIRzTdOZphbbkAQmuAaX-UtogeUuN59E8G1KqEleAb9H_H-7SA,It is good.,5,0,2.24.21.79,2024-11-02 20:25:16,,,2.24.21.79
5f01ce76-aa66-43d3-8fee-7a5af3aa35ce,Ajay Kumar Pandey Pandey,https://play-lh.googleusercontent.com/a-/ALV-UjWj90V2Q9ajV-z4dqg8Se-LmuiqHc-Y6Mn5Ph_SJhwA5TqCsik,Open my account,2,0,2.24.16.76,2024-11-02 20:24:14,,,2.24.16.76
9d5fa673-1f64-43cc-bb7f-9b725881c633,Kelvin Sakala,https://play-lh.googleusercontent.com/a/ACg8ocIV0zcxd_nJtcB8aX6k5Nhfk6fg-I5KfPjWqnlxHumGuJxjIw=mo,√ánn,1,0,2.24.21.79,2024-11-02 20:23:51,,,2.24.21.79
18c23c4e-5aea-4883-a8dc-fa5d8afded54,Malcolm Childs,https://play-lh.googleusercontent.com/a/ACg8ocJESftVFrcp1oOX9WT8cHdtwgLO4TnxNOTKFYCim5iXaZQoUQ=mo,Poor keeps dropping,1,0,2.24.21.79,2024-11-02 20:23:43,,,2.24.21.79
bdcd5dd0-d21f-41b1-aead-4448ce997531,Imran Khan,https://play-lh.googleusercontent.com/a-/ALV-UjWWXQcKGout9wDt39ifDM6aQNb21LwO8npHi_98u-WpjMTDOZk,Nice,5,0,2.24.11.79,2024-11-02 20:23:31,,,2.24.11.79
6f8d0dc3-b07d-4bdd-8d5f-eb10f6199792,Saad Naikawadi,https://play-lh.googleusercontent.com/a-/ALV-UjXOTjLfD4q5yYoC8NJWH2FI1PoYnn9HUQlMddxx0ff3UojErXY,I want deleted whatsapp many times ban my account,5,0,2.23.20.76,2024-11-02 20:23:11,,,2.23.20.76
5885e366-7f3c-4485-bb74-0d6d8174b119,Miracle Ekhasomi,https://play-lh.googleusercontent.com/a/ACg8ocJfLZNQymEEMjufUF_nOV_XmB-tHLlwNIHkBZvZ6jW0f9H4HA=mo,It is good,5,0,,2024-11-02 20:22:54,,,
acabf29f-b72a-4d99-93ed-4c27a15200ed,Shashank Kumar,https://play-lh.googleusercontent.com/a/ACg8ocJz_b7uHBMPpViE8jezAFg-9L3SqEDzzvg6TeEImLW7VEmWcg=mo,ya almost. good experience with this app in past time üòä,4,0,2.24.21.79,2024-11-02 20:22:26,,,2.24.21.79
280fe447-6c1c-48b5-91b3-71a44b7196d8,Ilyasu Harisu,https://play-lh.googleusercontent.com/a/ACg8ocIzbjBofs1aUuS9jYvnA7-UnWW-StV8idGZ6Of4wUppZEI04A=mo,Iliyasu Harusu,5,0,2.24.18.80,2024-11-02 20:22:13,,,2.24.18.80
c3e7b654-ad7d-4996-a7c0-fc6b8c3500cc,Zakir Abbasi,https://play-lh.googleusercontent.com/a/ACg8ocKq2z_e3PiyB2ggXdaGoWgFcTb04UCBsBshDgUObif2M4ACEQ=mo,Please unban account,5,0,2.24.21.79,2024-11-02 20:22:12,,,2.24.21.79
799dfe51-c27e-4843-b142-b8667e5a4c87,THE SCIENCE ZONE International School,https://play-lh.googleusercontent.com/a/ACg8ocLMkR9scOR3Oc1zAcQVZ9232o8he3ZL6rZmhdj178UOwrua7w=mo,Good and veryusefull,5,0,2.24.20.89,2024-11-02 20:22:12,,,2.24.20.89
665ba5ea-a284-4af9-b496-e6377835cd7f,Tanyaradzwa Soka,https://play-lh.googleusercontent.com/a/ACg8ocL7h0uaXSVJXJlLatbTeZN56ROsXWqFZdMz4ULBes5t5Az1cQ=mo,Fun,4,0,2.24.21.79,2024-11-02 20:21:32,,,2.24.21.79
375dce81-c11d-40de-b88b-55876b2651b4,issak tyler,https://play-lh.googleusercontent.com/a-/ALV-UjVXfyvLDh62UxWdBehceVxy0WlDEtEGjxesdh8Q7Tv-6e_fuH0,I like it,3,0,,2024-11-02 20:21:31,,,
17d325a4-088d-45ba-b55f-3a9fe61d18a3,Singh Dilbag,https://play-lh.googleusercontent.com/a/ACg8ocJ-Te7eJxWEdLYI99owcBUHn9o9WwG0bRbgCfeu-MmC7Xbn=mo,Excellent,5,0,2.24.21.79,2024-11-02 20:21:22,,,2.24.21.79
bc67ad7a-f47f-4ddc-bbd7-f3dba06e36b8,Ritu Rani,https://play-lh.googleusercontent.com/a-/ALV-UjUL6U8uER73KKtQoW1Mc_oo6AnI_1urb736YWq_aXYpTR1RsKhQ,"Hi whatsapp, I am Ritu Rani. Thankyou first for this amazing app,but I really have a problem and I want you to sort it out. In my jio prima the WhatsApp option is there but I can't use it. it says it's not available for kiOS systems. Please WhatsApp, my humble request is to allow whatsapp to run in that phone. I know you will do something... Regards Ritu Rani",5,0,2.24.21.79,2024-11-02 20:21:18,,,2.24.21.79
c59b065d-1e98-42fa-89e0-8be1e879ef7c,Hal Skl,https://play-lh.googleusercontent.com/a/ACg8ocKoGo-APCxC9ljlQa0oP3hnLB4hy_x4bU86J1do-iXaWToXQA=mo,Free palistine,1,0,2.24.21.79,2024-11-02 20:20:54,,,2.24.21.79
a83751df-872b-450e-9df8-b801d86e9a2a,Kumwenda Casper,https://play-lh.googleusercontent.com/a-/ALV-UjU0RAqPBty4bav5TpLGlrOupji-wbZuWPJxRmGLZ861HsrQpFI,"One of the greatest apps ever created. But just suggesting why cant it be more exciting, colourful and personalise to your own interest eg fonts, themes and more functions",5,0,2.24.21.79,2024-11-02 20:20:43,,,2.24.21.79
81a687df-4224-4e6f-983c-f02d2e5bfb15,Kanthi Sriyalatha,https://play-lh.googleusercontent.com/a/ACg8ocJw8mjZnfkslQbh-7_6NFoWeitDsbRmXnuEjieip6yyluNaIA=mo,Good,5,0,2.24.14.76,2024-11-02 20:19:56,,,2.24.14.76
c68ed112-a55f-4a50-8ca2-c3109f410b77,Gautam Rawat,https://play-lh.googleusercontent.com/a/ACg8ocJDLP-nSkoygR6_JDWiCRRyxxgQH_PCdikn76YRoaRydk5Lxw=mo,Good,5,0,,2024-11-02 20:19:45,,,
e3827867-e708-4dab-b989-9c0283d8b543,Shan Ali,https://play-lh.googleusercontent.com/a/ACg8ocJDVPeeAMbQyqI6GMKZe3bPg5YhpVR3jC4OSediGyIn5nr2WA=mo,Nice,1,0,2.24.21.79,2024-11-02 20:19:37,,,2.24.21.79
27f036a3-eb73-45e8-b163-fe97f9734aaf,Lakshman Mahto,https://play-lh.googleusercontent.com/a/ACg8ocLLm8KO9Hn5JeHbWBlbBN60sN78CL0OFaNF-NbmjttSw9rYOA=mo,Laxkman,1,0,,2024-11-02 20:19:10,,,
916d49eb-603b-4858-958f-e7503b8e5899,Shreyas Gokhale,https://play-lh.googleusercontent.com/a-/ALV-UjXqt427lYUhJUjbmLU5QmzJHr89khqFoVSH-RD0I36Je9HBfVGdRQ,I am very delighted to give this reply. It is very nice. I use almost daily. But still I would like to suggest you people to give a facility of chat head which will be better than the best in the next update.,4,0,2.24.21.79,2024-11-02 20:19:08,,,2.24.21.79
59b71962-555e-4a18-9554-d17b31b47990,ahil saif,https://play-lh.googleusercontent.com/a-/ALV-UjXOClDQN86NMOkm7-C43mSqyf4csqn783uzzQrdSCdL6VTPBY4,Hgfui,1,0,2.24.11.79,2024-11-02 20:18:49,,,2.24.11.79
81f1cc17-f06c-4c7c-9287-7af489a0f701,Husena Suratwala,https://play-lh.googleusercontent.com/a/ACg8ocKos3dT1LW2ge2hd5yo6g5xv7p3oekM5rnqnAm-qlRoLyKjag=mo,Good,5,0,2.24.15.78,2024-11-02 20:18:46,,,2.24.15.78
d064fc32-0986-456c-85b9-aa4ee93928e5,Ismaila Sidney,https://play-lh.googleusercontent.com/a/ACg8ocK_U8YWuvm9Sk0kZU-sX5MkdZI6wV1MIAaoJMzlyrdEpmdMFA=mo,Very good....no stress gotten from this app,5,0,2.24.21.79,2024-11-02 20:18:39,,,2.24.21.79
5334ed4a-2cf8-4091-b030-c98f2312dab3,Kalyango Grace,https://play-lh.googleusercontent.com/a-/ALV-UjXUxAmzSq0yWeASe6C-57cmqOv2AMgJGznkLUEKvckLnLsMGNQ,Good,5,0,2.24.21.79,2024-11-02 20:18:34,,,2.24.21.79
a087bf6e-05a2-4a08-9275-9abcdbffef92,Muzungu Rogers,https://play-lh.googleusercontent.com/a/ACg8ocIn5oN2pRevROJpSh7fpTPcGJWoO-D-Ml8WfJsXFBcqCelkpw=mo,Wabaom lsaac,1,0,,2024-11-02 20:18:33,,,
9fe5f448-243c-4e25-975b-3073993cd647,Syed Hashim,https://play-lh.googleusercontent.com/a/ACg8ocKEu6l9caR-MYjqpKtnEUEPf5131H3HNyMoC1Ts3L1y_UXQ5Q=mo,Y u disconnected watsup. What is ur problem. Nest time i will do port,1,0,,2024-11-02 20:18:24,,,
3b3d4372-eaea-49de-bc69-73fa14b1312c,Rashid,https://play-lh.googleusercontent.com/a/ACg8ocJCFQafaz-pTQi9sxpum-lXp6MoXXRlovwQUmDm8OxhGyCTsQ=mo,good,5,0,2.24.21.79,2024-11-02 20:18:22,,,2.24.21.79
13399066-dd18-4329-8962-f53fe3d250ab,Ctl Esztlh,https://play-lh.googleusercontent.com/a/ACg8ocItJq5o6qlMgUt5iepasCwKNKn7TfR5UmcVwaB-1FkRTmNYIg=mo,Useless apps ever...,1,0,2.24.21.79,2024-11-02 20:18:16,,,2.24.21.79
3037dfa4-1b0b-49d3-a439-29d9194ed1d3,Farid Yousofi,https://play-lh.googleusercontent.com/a/ACg8ocKhyu6p93B1doGhEO-yu0pvY3TtsMDLsIyzkE5rLVSga9wvJQ=mo,Nice,5,0,2.24.17.79,2024-11-02 20:18:14,,,2.24.17.79
f7e827ec-0d0b-456a-8fd4-904f047e25bc,Aditya Pathak,https://play-lh.googleusercontent.com/a/ACg8ocLKlE-jkoOArVqu7i3V_IpFiFZjy1zLy2AjNZeFi0wGUoJ3oA=mo,Nice,3,0,,2024-11-02 20:17:42,,,
61a2c388-6e91-41f6-810e-c71d7aa86c5c,Tahir Ali,https://play-lh.googleusercontent.com/a/ACg8ocKyUZjEV_oXfdAkkDP4rB2LUF3kqSZD6qHLvzefbUUnVVe5Tg=mo,Good app üëç,5,0,2.24.21.79,2024-11-02 20:17:32,,,2.24.21.79
e6606662-7e3d-4ea6-8091-f1a45ed57a51,Amadou Gaya,https://play-lh.googleusercontent.com/a/ACg8ocLKO3u85M7RqS61iK3iydnJOc8_rqKDt9cjVtQRKxuLjGIzow=mo,Amadou app,5,0,2.24.21.79,2024-11-02 20:16:54,,,2.24.21.79
995271e5-07f5-46a9-ac13-1af54088c587,zaytoona Syed,https://play-lh.googleusercontent.com/a-/ALV-UjX1L4SqsgIIwbWSIPXsILleVQBHJ9Dg-hB0vEFcKatERP7eVMM,Good,5,0,2.24.21.79,2024-11-02 20:16:53,,,2.24.21.79
cc10db6e-408e-4127-abe8-ca9ca974cba5,Teresiah Wangari,https://play-lh.googleusercontent.com/a/ACg8ocLeSut-Lpse0479BXlSyAkozi3858ap9Xg_cO8BFI84sapX6A=mo,Precious.,5,0,2.24.21.79,2024-11-02 20:16:20,,,2.24.21.79
2c2208a1-c406-4ee8-b95b-e8a647be175f,Famous D,https://play-lh.googleusercontent.com/a/ACg8ocK8Ge6BCT6GY8lFBrnRho59vyw71IQRE5iBk-VEr8vHn3h4fQ=mo,Famous D I want to take longer time my whatsapp,5,0,,2024-11-02 20:16:07,,,
636f033d-4378-42fd-ab82-287820535885,Pian Yan,https://play-lh.googleusercontent.com/a/ACg8ocIA4fUjSu5HzMMeZe66IZmSVgMqxqI4rmKZgXTfVcsyye2g7g=mo,Cepat Dan memuaskanü•≥ü•≥ü•≥,5,0,2.24.21.79,2024-11-02 20:15:45,,,2.24.21.79
a080dda9-be87-4708-ad0c-048b427e8e5e,Sanjay Dange,https://play-lh.googleusercontent.com/a/ACg8ocKCBE2CTUzVWd9h5QTx7FxrGTe_d4p2tK3p1E3pGD79kaJz9Q=mo,Unbel to home screen,4,0,2.24.21.79,2024-11-02 20:15:30,,,2.24.21.79
9760e165-c302-42ae-af76-d6755e21a14d,george njuh,https://play-lh.googleusercontent.com/a/ACg8ocJhTZZ9w5NLvJb0Z115gPrHtzG-GcfbrhxMHE2e6OCtk1f_0A=mo,Struggle to install to no avail,5,0,2.24.21.79,2024-11-02 20:15:28,,,2.24.21.79
dc826914-dc8b-4ce6-b392-29206d73b7d1,Portia Toto,https://play-lh.googleusercontent.com/a/ACg8ocJ2uyWNKz-Papibkguf7jmfjwdNgrV9kpVq5pzTIvZDiAZeQg=mo,I can't log in to my account I don't know why What am I supposed to do. I bought my cellphone yesterday and I downloaded the app today but when I tried to put my my number it says I can't log in I must wait and I have been trying to log in the whole day today but nothing. And I need to use the app like now .,1,0,,2024-11-02 20:15:28,,,
427f71ac-69c6-4a18-bc0e-d3a30cc0acb4,Black Moon,https://play-lh.googleusercontent.com/a/ACg8ocKeJ1gTAMqoEFyG-VOgtNe7F9K3tZ01UwV7viDft5EaC8XvCw=mo,Good Achi baat h,2,0,,2024-11-02 20:14:55,,,
bf508e32-1b5c-4645-a1ce-00b3bfde9e6e,Vekkirala Rajashaekhar,https://play-lh.googleusercontent.com/a-/ALV-UjVvJJXDBQFDlE_hi1w90rTEM-bazs4aDtlsFeIbh_7c4x-7hfng,Good for communication,5,0,2.24.21.79,2024-11-02 20:14:24,,,2.24.21.79
4eb4fbf0-6d1f-40db-b109-9b279e6fc0c9,Boy Manqele,https://play-lh.googleusercontent.com/a-/ALV-UjVn0rdqr7wFmhZFrPozpkv6R3DcpX1ld1_1e6_BC3T6Io86oX8,It is nice,5,0,2.24.18.80,2024-11-02 20:14:00,,,2.24.18.80
73db49a5-cd6d-40c2-b877-e4f9aae3806d,Joe J Bryant,https://play-lh.googleusercontent.com/a/ACg8ocJnpXUfymjADsKbvWAuDwgxCIhHwKexCcBbHabStUtjTO-Ncw=mo,Thank,5,0,,2024-11-02 20:13:56,,,
994bb773-3a74-4864-8b34-94e51370ffd9,Puseletso Mokoena,https://play-lh.googleusercontent.com/a/ACg8ocJFBepmD_7UNjBu0LL_4XXSG8bAfw9PDMVU1ebME_AR0gGD8g=mo,The app is faster,4,0,2.24.20.89,2024-11-02 20:13:40,,,2.24.20.89
c3b9a20a-f6b9-4125-bd32-df3697b6003a,Biswanath Samanta,https://play-lh.googleusercontent.com/a-/ALV-UjUzB6bBMb2OA_hFFyIIbXYNJsG-z46scG_VL6oI4Nlg_2jv07g,Very useful software,5,0,2.24.21.79,2024-11-02 20:13:28,,,2.24.21.79
db4609c4-5cbe-42ca-acb7-6f58bb283824,Raintown SevenSeven,https://play-lh.googleusercontent.com/a/ACg8ocJ6USu5qIYBfOcqVBeUAUWGZXPDIxGDeJxvujv6kWv_vxh27Q=mo,üëçüëçüëçüëçüëçüëçüëç,5,1,2.24.21.79,2024-11-02 20:13:26,,,2.24.21.79
2594f896-49cf-4b2c-abdd-225311c65479,AbdulQuayyum Abayomi,https://play-lh.googleusercontent.com/a-/ALV-UjVKeQ1UD3M8gx51yEUEeTa96PP9hWc5acSPgLupIwu5M-6FcBk,I really like this WhatsApp,5,0,2.24.5.76,2024-11-02 20:13:26,,,2.24.5.76
ea45a623-512f-4952-a139-810237c06202,Muhammad Sozzar,https://play-lh.googleusercontent.com/a/ACg8ocIb3HAtErmN9ioiMeyHjzKX1uRH4XJvLnQkNq4fbIAYLilxSg=mo,Request to unband my what's app number,5,0,2.24.21.79,2024-11-02 20:13:11,,,2.24.21.79
d355be27-ca8f-4f70-819d-455e5f47ded5,Md Sabbir,https://play-lh.googleusercontent.com/a/ACg8ocLde1Jvar2Qx3CAcN5RQwHuXNKGAg_8j8e9EaLwLL6lmr8T_w=mo,‡¶®‡¶æ‡¶á‡¶∏ ‡¶∏‡¶´‡¶ü‡¶æ‡¶∞,5,0,2.24.16.76,2024-11-02 20:13:05,,,2.24.16.76
10fa8a78-4a63-433f-9ef3-6e45d2a15b8b,marjorie Cordes,https://play-lh.googleusercontent.com/a/ACg8ocLs0yiC8tN744yQM6m5oqRxZ-UHyDkUfOBTpdfMAq135iWlJw=mo,I have been waiting 45 minutes cant get an sms sent please help,1,0,2.24.21.79,2024-11-02 20:12:50,,,2.24.21.79
088adca4-07ff-4a7c-ad06-034e6f23142c,Mazer Abas,https://play-lh.googleusercontent.com/a/ACg8ocLVuXtU_u1DBTCOzgvbdx9yr7Qgm4axedev3kZva4MmhWUPwA=mo,Good,5,0,,2024-11-02 20:12:47,,,
ec11a8ea-15df-465a-bbb3-b0a2548ca150,Kristin Daniels,https://play-lh.googleusercontent.com/a/ACg8ocIbYbLNflAfhKuSHcMZBDZ6O299f26KRcRgLJQ7YuNIGXEfUQ=mo,Whatsapp not responding,1,0,2.24.21.79,2024-11-02 20:12:42,,,2.24.21.79
93e9695d-c1ca-420c-9f5d-2e045fcfee6d,Shanyalrouf,https://play-lh.googleusercontent.com/a-/ALV-UjWBgXmmtCCmT0g6BgST8A9hDtupeAHOOORDYY5Tkbn5R2m7768,Hi! I am using WhatsApp for a long time. it is easy and secure but today it was working well untill 2pm and suddenly a message appeared that you account is logged out... this number can not use WhatsApp üòû. I requested a rewiew it just came half an hour ago. I tried to register my number but in the verification step it just closes and a page appears saying you can only use official WhatsApp.... I had then again installed it from play store but the issue is not resolving....,4,0,2.24.21.79,2024-11-02 20:12:31,,,2.24.21.79
12ca5939-bc51-4005-b1ab-e382081018a5,Sadruddin govindji,https://play-lh.googleusercontent.com/a/ACg8ocKkMYqa9AvHc6j5iXUpZcN-dTmhGjUNNTlLE6ioRmLOJkpwEw=mo,Very helpful snf fast,5,0,2.24.21.79,2024-11-02 20:12:07,,,2.24.21.79
a097a63c-82c4-40de-bd4d-67c405604b35,Abhishek Uikey,https://play-lh.googleusercontent.com/a-/ALV-UjVsJX_-dGqZwcGoGcuMEL7BHQ9XVwSPks4fuhV_tg98_jZFbv2x,Good üëçüèª,4,0,2.24.19.86,2024-11-02 20:11:59,,,2.24.19.86
1fe18b67-3620-405e-ab38-da27e5a691e1,Dikenold Noel,https://play-lh.googleusercontent.com/a/ACg8ocLUCrOs8xEG6DQqISLY6GJzbhYjtgdtOetpTEjnq0wKSMs41g=mo,Dikenold nole,5,0,2.24.21.79,2024-11-02 20:11:56,,,2.24.21.79
fb50aeeb-6770-42ac-ba88-8987aedac903,Kusum Armo,https://play-lh.googleusercontent.com/a-/ALV-UjXEG1zvEZrhinP4zHLRwQbpQxkUELLl2RanvO5M-5YfAAOldgE,goodüëç,5,0,,2024-11-02 20:11:54,,,
3ebca3c9-dda6-4640-a27d-b11bbb83c9d2,MD khalil,https://play-lh.googleusercontent.com/a/ACg8ocIsKWh2whnaxWAsSN0B61ATURlFvzo_R-hULvqwibYl-O7LSA=mo,Khankir Pola ra ki apps banas Togo mare am I chudi,5,0,2.24.21.79,2024-11-02 20:11:38,,,2.24.21.79
92624caf-046d-439a-a949-4224a4914818,Md Nipu Hasan,https://play-lh.googleusercontent.com/a-/ALV-UjViJ3OckeT83O7UnzOe3Z65xzVQala9PQ3HDJpRJKJJ_hRxnc8,It's good app's,5,0,2.24.5.76,2024-11-02 20:11:01,,,2.24.5.76
5684ac6c-b825-472b-98ea-e6f650aa42f0,Ann Wanyeki,https://play-lh.googleusercontent.com/a/ACg8ocJp2DbhtGkQgyi2zPvVG6PZDTJcTY3qPzbBkSYWgHKCP0kc=mo,Is not working @annwanyeki,5,0,,2024-11-02 20:10:46,,,
3e1973e6-04d8-4d74-8986-1d043c66c9c5,good hi,https://play-lh.googleusercontent.com/a/ACg8ocJqJ6bRj7cwYOWivSXKJj5uE1_HVMfcGiuyIocPLp2tGs9hfQ=mo,My WhatsApp account got hacked. I can't able to open it.,1,0,2.24.21.79,2024-11-02 20:10:36,,,2.24.21.79
3f24fa24-7695-47c4-9ab5-c1cd26f97881,Quinn Blakely,https://play-lh.googleusercontent.com/a/ACg8ocLpmdqU0pSzj3qZYLIKS09P_O8Tob7x3SDQsMIScPB-yMTBGA=mo,Good very cool hehe,5,0,2.24.15.78,2024-11-02 20:10:13,,,2.24.15.78
1bd4979a-84af-4ce2-8165-7ec0b1b0ebcc,Al obi,https://play-lh.googleusercontent.com/a/ACg8ocI1BPV46HP14ISGMN6FPqZ624W5HZdlGX5oL6sr-5A7weMUzQ=mo,good,5,0,2.24.15.78,2024-11-02 20:08:03,,,2.24.15.78
6d5cb902-fe69-40a3-8a90-e8f726066eb2,Christine,https://play-lh.googleusercontent.com/a/ACg8ocL0y25JSkijpu4z_5QKs-fQqKNeXyYGCQzPGuOAip6B6BHwDQ=mo,Great,5,0,2.24.21.79,2024-11-02 20:08:02,,,2.24.21.79
f0804681-2d0a-4a59-b052-cc6e3202c4ce,Mehboob Alam,https://play-lh.googleusercontent.com/a/ACg8ocLyIveKgC8TfVAtDNeRIYZs5hB0Z8jili3Kd2PtW0lUuWdHaw=mo,Tell us more optional,5,0,2.24.21.79,2024-11-02 20:08:00,,,2.24.21.79
121ff250-4f10-4765-a2be-d0b8366964ed,Akanksha Shounik,https://play-lh.googleusercontent.com/a/ACg8ocK1maiZzcQ9Kd03UTsu2S9yjpHi6gGyzaMRb5yzIITb44SiSw=mo,Good,5,0,2.24.21.79,2024-11-02 20:07:14,,,2.24.21.79
1bd53ec1-0558-4bbd-8cb0-3e295f3725c1,ABDUL Mustafa,https://play-lh.googleusercontent.com/a/ACg8ocKKkUQ-OB3hi8sJOU2a0ufFk_vv7KcVwIMled6yR37dOq5dtQ=mo,Abdu mustafa,2,0,2.24.3.81,2024-11-02 20:06:25,,,2.24.3.81
68a009b5-181b-42ba-8477-0a2e4a67d763,Tele G,https://play-lh.googleusercontent.com/a/ACg8ocJdsKBoZbPQAWTJKNYOR6KWZibXmAmTZeW5DGmCqtCjF8MJWA=mo,Very good news üòÑüòÑüòÑüòÑüòÑ,5,0,2.24.15.78,2024-11-02 20:05:16,,,2.24.15.78
ca37a6e2-4412-4663-a46a-b30b7e09ee6c,Sathish Kanaka,https://play-lh.googleusercontent.com/a/ACg8ocKR1khhDXi6Gkhpxiol7AKznx26v9yZbkA9sMPEY4RiRp8zxg=mo,there no updates shows 8n my mobile app,1,0,2.24.21.79,2024-11-02 20:04:58,,,2.24.21.79
4ffb6fe0-4daa-4aac-8679-67c15e3ec4d2,Emmanuel Angalapu Woyengidiwerinipre,https://play-lh.googleusercontent.com/a/ACg8ocLHWHUY7SrnnbAo9XMn-iaFzWzEv-uQwc8igkeJ45dsOdVdVw=mo,Good üëç,5,0,2.24.15.78,2024-11-02 20:04:54,,,2.24.15.78
b80d9bf2-a17a-4cbd-b121-04fa3a7e42d9,Jaswinder Kaur,https://play-lh.googleusercontent.com/a/ACg8ocLMoVDMR9U2BDbIoIaQP1NUrN-T90SU2nLsWnU4oeVbEWEeIQ=mo,"Dear Sir/Mam, Please unbanned my whatsapp. Don't work continuosly this application. This ask again login again login from many times.",1,0,2.24.21.79,2024-11-02 20:04:42,,,2.24.21.79
08bf322d-c23d-42f2-a1da-694870a8a2dc,Ganga Ganga,https://play-lh.googleusercontent.com/a/ACg8ocJAU9nkNux_9PeUBFQT4b8pm3F2me1Poa18npDsyM9WI0NBkQ=mo,Nice,5,0,2.24.21.79,2024-11-02 20:04:41,,,2.24.21.79
9faa27fa-8e3f-42e0-ace9-8de11565b466,User,https://play-lh.googleusercontent.com/a/ACg8ocJiAS1dP-q2-qtJLueeF24YkOUw7lsBxZCOxGBHbpqRqgsAvA=mo,"""WhatsApp, I have a problem. I deleted a message containing a password, but my friend replied to that message and the password is still visible in their response. Please fix it.",5,0,2.24.17.79,2024-11-02 20:04:33,,,2.24.17.79
01785f81-5b66-4187-9ddc-199923109f2c,Oshada oshadaaroshana,https://play-lh.googleusercontent.com/a/ACg8ocLD5WdGQYX3thvH6RiDZ7zkDdXGk35QdSohRh1V6N7fd5td0w=mo,Super,5,0,,2024-11-02 20:03:57,,,
10f0fc40-b56f-42c5-be52-9d4608a1c88c,Meera Vas,https://play-lh.googleusercontent.com/a-/ALV-UjW29y7htpfymknrxqfhqXCJPQWkw2Qc70rnafKj2JoPBfetfhM,Good nice But my account is not coming in my mobile phone Only one account can make üòûüòûüòûüòûüòû,3,0,2.24.21.79,2024-11-02 20:03:49,,,2.24.21.79
ca48e4a3-d1c6-4832-af08-fe2d4cc57659,Faizan Malik,https://play-lh.googleusercontent.com/a/ACg8ocJD-e8jvuCMHoiSmAZTcxQSNQxrk88I72R2aTp_72YI5Q7jqA=mo,Mast,5,0,2.24.15.78,2024-11-02 20:03:10,,,2.24.15.78
c057ee9f-2778-4712-9354-5fae00a83ce9,life is God gift,https://play-lh.googleusercontent.com/a-/ALV-UjVBC1QyM3xUN79bb7bgOXEPV8PipMcaNOBp96mpSBME23iZgH7B,Not working,5,0,2.24.21.79,2024-11-02 20:02:56,,,2.24.21.79
4d138a40-f318-4175-81b6-29f41ecd04b3,jay luhar,https://play-lh.googleusercontent.com/a-/ALV-UjWA662wZmuwqIQjEJCkDf2VG36xIRabnw6mls9mKRQ4uayK2ewu,"WhatsApp is so good for everything but the status which used to come in the first column was very good, now the raw system looks very useless so please make it back like a column.",2,0,2.24.21.79,2024-11-02 20:02:54,,,2.24.21.79
bcece4b1-78c8-4fb8-bb8a-cb7a86fad2d4,Abhilash Dx,https://play-lh.googleusercontent.com/a-/ALV-UjXFeFE2ZFFKOwtF-hN9Q6OHOowX777n6kPa2M0i1EkLKxiR3nw,"Even after upgrading my mobile with latest features, I have not received meta ai update",1,0,2.24.21.79,2024-11-02 20:02:49,,,2.24.21.79
84a3b03a-8235-4c7f-877a-232f5a8d1e0a,NOUFAL kk,https://play-lh.googleusercontent.com/a-/ALV-UjXZAL9Ydjd3UypBYfljVwUwXQBYC9iep9KH8qvPbd9YrcatdHsj,It's a wonderful app,4,0,2.24.20.89,2024-11-02 20:02:45,,,2.24.20.89
983ce20a-736f-4332-a2f2-694fe5e183ed,Bright English,https://play-lh.googleusercontent.com/a-/ALV-UjV3SaDoN_04kmg9fdWR9N25xmVAIPTxQ9gjEts1Nv5QaauQL0E8,Required hd video calling upto 5 members in a well manner.,4,0,2.24.21.79,2024-11-02 20:02:32,,,2.24.21.79
c2efb348-20e0-4502-9adf-6cea2f8ab6ab,Fumilayo Jubilee,https://play-lh.googleusercontent.com/a/ACg8ocKChNWMJe5Yh_sBsva4sGm7fKfrkxFXVgSSxE73V1pGYpCk_w=mo,Get that now say it what's up is good so it's what happe,5,0,2.24.15.78,2024-11-02 20:02:20,,,2.24.15.78
94ab0612-7aa3-48ca-ba95-46f8ae861d3c,Arvind Kumar,https://play-lh.googleusercontent.com/a/ACg8ocJLAbRFFWB6rqy4XAwXHqxymgCht81wlmlUl7NleijPljPKhw=mo,Good,5,0,2.24.21.79,2024-11-02 20:01:56,,,2.24.21.79
3995d093-1035-4b17-b840-004d18009730,Rana Abdulrehman,https://play-lh.googleusercontent.com/a-/ALV-UjVG3ZJutf_ICzSp0I8FNN4_vmCJrdCK2L8NWmcOWHzrCQowm3uY,Meta ai is not showing that's not fair my friend have meta ai in Whatsapp then why I don't have,3,0,2.24.21.79,2024-11-02 20:01:55,,,2.24.21.79
8b4f9d9f-c620-4f32-9e16-8ce1baeb01f1,Sarfaraz Ahmed,https://play-lh.googleusercontent.com/a-/ALV-UjWwxhCGAxLpI2z7eTKGx_ajHJThDqpr3EkhPalN5gKjSckrsRo,Nice,4,0,,2024-11-02 20:01:40,,,
3384f204-5e32-4c3f-990c-56db24d037eb,Reza Bahrami,https://play-lh.googleusercontent.com/a-/ALV-UjUI_VptdWdBZqEzpy4hQqt8IuaJTxdaEvqrbVD9FHMjuVRzyls,Date changed to 2005 again!,1,0,2.24.21.79,2024-11-02 20:01:20,,,2.24.21.79
2a38b5da-4cfc-460e-b841-9576c6cad1d4,Abou Saneo,https://play-lh.googleusercontent.com/a/ACg8ocLinIwQjtcQ-MZaq6lBziYF5MUBgzgArzYZ9vgbhw0Fzabadw=mo,Abousanoeh,4,0,2.20.202.18,2024-11-02 20:01:10,,,2.20.202.18
bd24b118-5bc6-4716-a1b4-b529e019e938,Rashed Shaikh,https://play-lh.googleusercontent.com/a/ACg8ocIUSsjE4UHy7kbQ3W1vrAHg06UEaZlC7_EODy5VypLnQxoR1Q=mo,Wow,5,0,,2024-11-02 20:01:06,,,
e019bc42-424a-448b-ad8f-666d6ff67784,Mittens,https://play-lh.googleusercontent.com/a-/ALV-UjUfOL-0UhdGnRWFN7KtSDl8JMWzJ-VLETvtyuVmSXi7Y3fXqRhA,"Completely unfunctional, endlessly stuck on verify claiming I use a non-official version (I do not). Support is non-existing as all messages are automated, so it's an endless repeated message despite clarifying I'm using the official version since release.",1,0,2.24.21.79,2024-11-02 20:00:52,,,2.24.21.79
ac3159d7-97da-4223-a51d-5d84e7c01d35,Zubair Arshad,https://play-lh.googleusercontent.com/a/ACg8ocJ74LIiaPG86cm546lldCRIWJogV6Z8EGqmrKF5wMVr_gT7Hg=mo,Good,4,0,2.24.21.79,2024-11-02 20:00:49,,,2.24.21.79
51e5aa1d-7f06-4703-a7e3-c9e6e51749f3,Kyohairwe Generous,https://play-lh.googleusercontent.com/a/ACg8ocL-oUBHXyRGDp5kkSdldfTANgAMGvey3bxxmt2fPt_xHWP_1w=mo,NICE App,2,0,2.24.13.77,2024-11-02 20:00:37,,,2.24.13.77
8baae8f7-5b2b-490e-8754-f15d0066f86b,Nwando Afocha,https://play-lh.googleusercontent.com/a/ACg8ocIsRiTQGdMo2Qy1Ygd8c6U_aJlRuYdXAcj6iLL-8IxK6vf5Bw=mo,The best app for socializing and doing group and community online it needs more than 5 stars,5,0,2.24.17.79,2024-11-02 20:00:35,,,2.24.17.79
f531af7e-13cf-49dd-ade0-1c97e9e5aff9,Shallshellz Peter,https://play-lh.googleusercontent.com/a-/ALV-UjV1zz0Cj_9oVv2vNa3KlqcLFbJaaPd_ItKGZyXfLXTOo_QUCmB6,Good,5,0,2.24.21.79,2024-11-02 19:59:39,,,2.24.21.79
fe2f2fb6-324c-40e3-be07-725b6b9e7cbb,Anasumar,https://play-lh.googleusercontent.com/a/ACg8ocL1__TfjgMd9_Vc0-XeJby79dyekfDwU4p0kJN8lLAtlihAMQ=mo,Sagiru Kk2,5,0,2.24.15.78,2024-11-02 19:58:42,,,2.24.15.78
d3f74813-d9f0-44ed-92d4-9ac4893bb3df,RKH scenes,https://play-lh.googleusercontent.com/a-/ALV-UjW9qWYYQ_r8zAsXlY-05IIgkctv6lTI1TnU1qDjLe6VXjzvdyQb,"My dp is of a English girl, delete it.my whatsapp no longer working, what is your problem I don't know..",1,0,2.19.360,2024-11-02 19:58:13,,,2.19.360
2ec30612-2416-4b41-8487-04f5f5d8866d,SUBHASMITA DALAI,https://play-lh.googleusercontent.com/a-/ALV-UjX4tjBiSxhsdrWruoinh4rAC3GZkPhPLvu0sdZ0UP2ciEC1M50r,Excellent,5,0,,2024-11-02 19:57:23,,,
ff654192-eb25-4e1a-8109-43a81c6994bd,Naigaga Jeniffa,https://play-lh.googleusercontent.com/a/ACg8ocJHEV3IpuSZf3BUhNtVldiUgauCLUVevdZOu0RgCbu19nxIqA=mo,ROMENZO SHAKA,5,0,2.24.21.79,2024-11-02 19:56:37,,,2.24.21.79
97d6baea-90ba-455f-9f9c-d1139344a7bf,Zulfeqar Ali,https://play-lh.googleusercontent.com/a-/ALV-UjWIhhZoevrJT-X12eMv27E1A20EhCdzRW3lBYChFkltdV0vy68t,ü§ó,5,0,2.24.21.79,2024-11-02 19:56:03,,,2.24.21.79
c5b825b0-3f5a-4661-bf09-161259f896e3,Vincent Thabethe,https://play-lh.googleusercontent.com/a/ACg8ocLn0Vyg6ALYXF9dLiSw52m6jJDvCbRg2bpxLPEUcUDSA9rD-Q=mo,Bad Bad,1,0,2.22.21.83,2024-11-02 19:56:01,,,2.22.21.83
c0e360d5-9bce-473e-884a-d12080985726,Dianne Losey,https://play-lh.googleusercontent.com/a-/ALV-UjWUyTe_igCxvsZPSKfVsZ8XldV09SxZ-jbUZrWXF6QXOUrtSUqe,"Told me I can not use whatsapp any longer because of spam, and I only set up my family in a group",2,0,,2024-11-02 19:55:48,,,
2aea3385-8ba5-4611-89d2-651ed44a892d,Aadancabdi Aadancabdi,https://play-lh.googleusercontent.com/a/ACg8ocK5_5VgzwY-HN6pPKTo4ISi6dPrYz27DBkbbgD3sKbvdHr2ig=mo,khadro aadan cabdi,5,0,2.24.14.81,2024-11-02 19:55:46,,,2.24.14.81
4089edbc-644a-4454-82b0-f66c195e9d83,Bhanu Maddipati,https://play-lh.googleusercontent.com/a/ACg8ocL3Sch619WRh5XYtE0Hax3gYaJwt5pb4mnDXZjNWh_434iiHe8=mo,meta ai is not available in my whats app even though it is available in my country and my what's app is up to date updated,3,0,2.24.19.86,2024-11-02 19:55:23,,,2.24.19.86
f180765a-4423-45ca-995d-1723f48d2b7f,Hakeem Odewole,https://play-lh.googleusercontent.com/a/ACg8ocIn5seJxD0GrUXnrhsaUg-bXKEkYcg7GxQOUfUo1D42455F9w=mo,Goog and realible,5,0,2.24.21.79,2024-11-02 19:55:10,,,2.24.21.79
c0fbaf4f-bcb6-4b3c-8abb-bfb2d29b83a4,Sobir Hossain,https://play-lh.googleusercontent.com/a/ACg8ocKuXb_XbgcI141AZNM56Cg4HDXaFL9cY4OZUDrKf8sjdHIy8A=mo,‡ßß‡ß¶‡ß¶‡ß¶,1,0,2.24.21.79,2024-11-02 19:54:08,,,2.24.21.79
f8fb8695-6a4e-410b-bb5a-cfdd1fe1260e,Joydeep Debnath,https://play-lh.googleusercontent.com/a-/ALV-UjWaAh3VVSFoW0r0nKsoAjt2oOwlubYXES4Jlj_5fPcVRqHBlSzI,Great üëç,5,0,2.24.21.79,2024-11-02 19:53:50,,,2.24.21.79
276550e9-1503-44ba-a305-bac8c4df2a46,asim rizvi,https://play-lh.googleusercontent.com/a-/ALV-UjUuuwkRwIpyPXr3bO37ID_dCEhxb8Y1AHssgdgcNFVgKYMLd_Y,⁄ÜŸÜ⁄Ø€åÿå ÿ¢ÿ≥ÿßŸÜ ÿ™€í ŸÖÿ≠ŸÅŸàÿ∏ ÿß€åŸæ,4,0,2.21.3.19,2024-11-02 19:53:17,,,2.21.3.19
14191986-8e33-47cf-b2a4-157d9633006c,Deekshithayadav,https://play-lh.googleusercontent.com/a/ACg8ocKSw32UzFSqcbiWoEifQuLgLZE85wKqvs6o18Dp64SeQHxjag=mo,I won't get met,5,0,2.24.21.79,2024-11-02 19:52:47,,,2.24.21.79
f9e5d453-664e-4aa2-98c4-53b0680355a8,abdulsalam mahdi,https://play-lh.googleusercontent.com/a/ACg8ocKxraQPuyulQTbnybErLZAXuSF4lWMqFoJ7o8DYElbPx8V0Yg=mo,So nice,4,0,2.24.21.79,2024-11-02 19:52:45,,,2.24.21.79
4b8d524a-cee2-4d7b-9902-042791dfd9b8,Jude Johnson,https://play-lh.googleusercontent.com/a-/ALV-UjX2IS0_xV1rd4Cb9Kr70JlzwcvL7s_cBGGmuhP5bH8kkv5EYwIC,I love the app but why did yall take awake the ability for me to mention people?,4,0,2.24.21.79,2024-11-02 19:52:34,,,2.24.21.79
6e697999-4f88-497c-b8cc-c9f9b2a353ca,Suresh hansda,https://play-lh.googleusercontent.com/a/ACg8ocLFhYJqYyh0K0zW_qPNHYNJJlZiAJkK7HjtyFisEFk-RPXwFA=mo,Naresh Hembrom,1,0,,2024-11-02 19:52:24,,,
c4d2a192-6746-4ab6-9527-3365990219ff,Jansi Jansi,https://play-lh.googleusercontent.com/a/ACg8ocKYwDud9d0lGJTj-uVfCPjrDXJCXvrHq1nNdw11ErUbI1DF-g=mo,Install,5,0,2.24.15.78,2024-11-02 19:52:18,,,2.24.15.78
6be97459-21db-446c-8154-2ddeabdd8d8e,Sahed Bakri01,https://play-lh.googleusercontent.com/a/ACg8ocLXDBQ2FRsv2m4NDkOBlfA7f8rC0eeHYlyDBH_j3VHN5uiuaA=mo,Pls of,5,0,2.24.21.79,2024-11-02 19:51:45,,,2.24.21.79
10a4715b-3f9f-4def-b523-6de343266b93,rashid Shaheen,https://play-lh.googleusercontent.com/a/ACg8ocIR9vAHky-KmlK7wZFoVKNaX6jIKHWVyNMG7xb3hfFuyy8Wzg=mo,Good,5,0,2.24.21.79,2024-11-02 19:51:39,,,2.24.21.79
5ad3c236-2cf5-4c57-9848-8283b323f999,suresh asha,https://play-lh.googleusercontent.com/a/ACg8ocJ7sY4sJepZJQRPHC9kLy7QB3ioVqEjop4imZlPcdg11QJADA=mo,Super,5,0,2.24.21.79,2024-11-02 19:51:35,,,2.24.21.79
55995c9f-5e6d-45c8-83b3-8a4a24257085,Ifeoma Okunima,https://play-lh.googleusercontent.com/a/ACg8ocK60G0yr0qkEBVaFhtvqWN8uyluKYR7THsGYulj7BIPypgwpg=mo,having difficulty in opening,1,0,2.24.21.79,2024-11-02 19:51:28,,,2.24.21.79
121b85d2-86ea-4e41-8592-90c71f9a2723,Bankunda Vincent,https://play-lh.googleusercontent.com/a/ACg8ocIglNXonJH1Qxpuq4YIFvhjKvvu9mjpSxqoAJ4CjM9lXEQ2FA=mo,Ug to get the money for my son who lives in the office and the other,5,0,2.24.21.79,2024-11-02 19:51:17,,,2.24.21.79
dc267516-9e7a-45c3-9352-645903c0b394,Mohd Salim,https://play-lh.googleusercontent.com/a/ACg8ocLoOnesVmXOnMyq96kV62uynp2CWkL6PvDBMYXGT-YeZ9nOFw=mo,mohd affan mohd affan,3,0,,2024-11-02 19:50:58,,,
86584c35-73bd-41d3-b71a-461e36ed6df6,abdiwali ali,https://play-lh.googleusercontent.com/a/ACg8ocIKk9pBEV4GuLJDHYQatcT7psCnT0e4Gz6oUyz-NE2MO3040w=mo,Doctor Thanks,5,0,,2024-11-02 19:50:58,,,
4a8c941f-8300-4558-85b4-fe79caea3ed9,saamiya Ali,https://play-lh.googleusercontent.com/a/ACg8ocJW113aIElesHJGms8QB6YYXvlVYHxu089fWOwYPxDgqI0FXw=mo,Good,5,0,2.24.21.79,2024-11-02 19:50:42,,,2.24.21.79
f1a00a12-f39c-4e45-bb83-c25f86f1b919,Rehan ALi,https://play-lh.googleusercontent.com/a-/ALV-UjWw_o2GARorsstxivlRBWEvIYq7NjsoNmBRZ3UQXNR9hwrQcRXZ,Please WhatsApp account un ban Solve my account ban problem ü•µü•µ,1,0,,2024-11-02 19:50:22,,,
a42d7d3f-a44c-4cdc-a62e-2a02f87102bd,minati minati,https://play-lh.googleusercontent.com/a/ACg8ocITLA0LvIs1_uSRvGcn1fLELNsWejjo6UE7h9OKWraJxRAp3Q=mo,it is very good app . Its help me a lot,4,0,2.24.16.76,2024-11-02 19:50:13,,,2.24.16.76
80036cd0-a781-45ec-be50-b886d4080a52,Vicky Sindhu,https://play-lh.googleusercontent.com/a-/ALV-UjWds0fujh7WXlbeBn__Hy98siUTsHHAPBEVdyBdodHDrlGSUU74,Mera WhatsApp chal nahin raha hai,5,0,,2024-11-02 19:49:58,,,
31fdeccc-6746-4347-9a79-b53e43356266,Varsh Shelar,https://play-lh.googleusercontent.com/a/ACg8ocLiaXd2KCZq9kmbMEaF-FD9cdyy4-K0frHvMSgQZ5TxUL6mhw=mo,Good,5,0,2.24.21.79,2024-11-02 19:49:55,,,2.24.21.79
e12de118-bb38-41c9-89b1-4cc997a7bd70,nithyasree Nithya,https://play-lh.googleusercontent.com/a/ACg8ocI4m15sF0RGiUorLk6N5WsszmH_FM0R_Q3fO6ECBHOvmEs7kA=mo,WhatsApp Download please,4,0,,2024-11-02 19:49:20,,,
3403cf66-ebe2-46c4-b61b-6ab899ebe5fc,Zahid Muhammad,https://play-lh.googleusercontent.com/a-/ALV-UjXRfgjC5B5banfXpBgUWyUDZlO9gdcHwaQ6oXR1U5dv8iLsBNlJ,the best thing to chat with your friends W,5,0,2.24.21.79,2024-11-02 19:48:41,,,2.24.21.79
104bc446-c8e1-4439-8488-60b0fc79a2b6,Hussein Chadali,https://play-lh.googleusercontent.com/a/ACg8ocKoSJTFFrrisB_o9V8YverD_9emj2MCy4Kr8wJePB04vMgj4g=mo,Good,5,0,2.24.20.89,2024-11-02 19:48:33,,,2.24.20.89
d998c378-e924-435d-9179-d901ad8bc097,Noman Khan,https://play-lh.googleusercontent.com/a-/ALV-UjXwTtaWc0J8hhmA-oG1O7KoIWJozmDNtY7my01QGB9MB6T7ZN6x,Good,5,0,2.24.17.79,2024-11-02 19:48:19,,,2.24.17.79
531dee52-5bd9-4413-a28f-72edbbfc54c5,CSE_1004_JOY BALA,https://play-lh.googleusercontent.com/a/ACg8ocKLh3Pysa-THBoM1TnlKpR5Jc2M1YQP4y5tiSevIJ4IS2CtWM4=mo,Opposite policy of pop and pool with people are you doing for people,5,0,2.24.17.79,2024-11-02 19:48:01,,,2.24.17.79
ede9eb0d-9b14-4b3c-bea9-34bb9ec1f98f,Chiemerie Anthony,https://play-lh.googleusercontent.com/a/ACg8ocIG8XyrvKHLmPz8p26NSYrGcZ0-jTOIOXRB_0sgKTG92tD5HQ=mo,Why am i seeing this,5,0,2.24.21.79,2024-11-02 19:47:51,,,2.24.21.79
56650b2b-bc9e-4a80-b54a-220f8a6778ae,Mamta Barai,https://play-lh.googleusercontent.com/a/ACg8ocJtqnJi6T6NCphOEdC8ajimWZpdV6YxqDOvbvLDUypKMmohhg=mo,is app me faltu msg aate rehte bekar,1,0,,2024-11-02 19:47:47,,,
6411a187-7869-4a63-bcbd-4b78f1a674d8,Bulega Ronald,https://play-lh.googleusercontent.com/a/ACg8ocK_ku0Of_TWgSCvmVS_siDQRT_d0iZ1OC-OgI-f-M5Q8CmNIw=mo,I want to use it,5,0,2.24.16.76,2024-11-02 19:47:29,,,2.24.16.76
664fab59-1aa4-430e-b98e-4bb715accfe2,Menberu Gobeze,https://play-lh.googleusercontent.com/a-/ALV-UjXAH3otIo_ziThfwIMSPaoB430TbTiMmxMyVXcoVffzp2rWOzpg,This app doesn't have telephone apparatus Permission,1,0,2.24.21.79,2024-11-02 19:47:07,,,2.24.21.79
ce734a96-8f70-4b4e-af49-309570c3c705,Ming Chean,https://play-lh.googleusercontent.com/a/ACg8ocKMNx-XRiSeaviTZnobCV5ixnq5r_-owNX4yIOu1T0PU3zrkQ=mo,my front camera no function when i make a video call(s23u)...i never hv this problem before..can someone help to fix.,3,0,2.24.21.79,2024-11-02 19:46:45,,,2.24.21.79
299612a0-5d3f-4983-a31b-be50a1861dc7,Majibar Miya,https://play-lh.googleusercontent.com/a/ACg8ocIAFLPZICmrTsT47cEQC52Tl5NQb5mMN6cre4P4LUoz-AO_qw=mo,Good,5,0,2.24.21.79,2024-11-02 19:46:41,,,2.24.21.79
d784f43c-5a19-432f-9f9c-f0ac52740ca4,Anshul Sharma,https://play-lh.googleusercontent.com/a/ACg8ocJDsFCMThaviJFqGN_4VIpvWkM8CetZp27Bn1nw7JGNC38Ehw=mo,Could be slightly better.,4,0,2.24.21.79,2024-11-02 19:46:36,,,2.24.21.79
0941ac44-4f59-41de-8694-9117136c739c,Tehran Raza,https://play-lh.googleusercontent.com/a/ACg8ocIev3Zfv2Oic57aoXbB1fup9XRrCU7LBogJQ0-gE6hHKAGQ7A=mo,Tahir.abbad,4,0,,2024-11-02 19:46:33,,,
3d541e25-2df6-4089-9090-4d8a79913a56,Amin Khan,https://play-lh.googleusercontent.com/a-/ALV-UjW0ozBCQQQRTxOpZctoW4wAyHvfRyZ771cC1Lf85Zob9MgiEf75,Good,5,0,2.24.21.79,2024-11-02 19:45:50,,,2.24.21.79
47726ff2-58e2-491c-9a1b-ef651989f675,Saad Butt,https://play-lh.googleusercontent.com/a/ACg8ocLuGjrXtZj5vhiT7160AjpWYLKf4WllOvXS8qwP8enVbvEOUQ=mo,Video xxxx xaxxxxxxx Gifu,4,0,2.24.21.79,2024-11-02 19:45:47,,,2.24.21.79
